barcodes,carrierid,timestamp
"38550","C123","4/18/2024 6:47:33 PM"
"38515","C123","4/18/2024 6:47:33 PM"
"38525","C123","4/18/2024 6:47:33 PM"
"38528","C123","4/18/2024 6:47:33 PM"
"38539","C123","4/18/2024 6:47:33 PM"
"38549","C123","4/18/2024 6:47:33 PM"
"38552","C123","4/18/2024 6:47:33 PM"
"38568","C123","4/18/2024 6:47:33 PM"
"38564","C123","4/18/2024 6:47:33 PM"
"38587","C123","4/18/2024 6:47:33 PM"
"38583","C123","4/18/2024 6:47:33 PM"
"38517","C123","4/18/2024 6:47:33 PM"
"38521","C123","4/18/2024 6:47:33 PM"
"38532","C123","4/18/2024 6:47:33 PM"
"38538","C123","4/18/2024 6:47:33 PM"
"38545","C123","4/18/2024 6:47:33 PM"
"38557","C123","4/18/2024 6:47:33 PM"
"38562","C123","4/18/2024 6:47:33 PM"
"38572","C123","4/18/2024 6:47:33 PM"
"38575","C123","4/18/2024 6:47:33 PM"
"38589","C123","4/18/2024 6:47:33 PM"
"38591","C123","4/18/2024 6:47:33 PM"
"38524","C123","4/18/2024 6:47:33 PM"
"38533","C123","4/18/2024 6:47:33 PM"
"38551","C123","4/18/2024 6:47:33 PM"
"38566","C123","4/18/2024 6:47:33 PM"
"38578","C123","4/18/2024 6:47:33 PM"
"38596","C123","4/18/2024 6:47:33 PM"
"38519","C123","4/18/2024 6:47:33 PM"
"38567","C123","4/18/2024 6:47:33 PM"
"38580","C123","4/18/2024 6:47:33 PM"
"38594","C123","4/18/2024 6:47:33 PM"
"38514","C123","4/18/2024 6:47:33 PM"
"38523","C123","4/18/2024 6:47:33 PM"
"38535","C123","4/18/2024 6:47:33 PM"
"38540","C123","4/18/2024 6:47:33 PM"
"38555","C123","4/18/2024 6:47:33 PM"
"38563","C123","4/18/2024 6:47:33 PM"
"38570","C123","4/18/2024 6:47:33 PM"
"38581","C123","4/18/2024 6:47:33 PM"
"38586","C123","4/18/2024 6:47:33 PM"
"38597","C123","4/18/2024 6:47:33 PM"
"38598","C123","4/18/2024 6:47:33 PM"
"38527","C123","4/18/2024 6:47:33 PM"
"38531","C123","4/18/2024 6:47:33 PM"
"38536","C123","4/18/2024 6:47:33 PM"
"38544","C123","4/18/2024 6:47:33 PM"
"38554","C123","4/18/2024 6:47:33 PM"
"38558","C123","4/18/2024 6:47:33 PM"
"38571","C123","4/18/2024 6:47:33 PM"
"38573","C123","4/18/2024 6:47:33 PM"
"38584","C123","4/18/2024 6:47:33 PM"
"38588","C123","4/18/2024 6:47:33 PM"
"38599","C123","4/18/2024 6:47:33 PM"
"38520","C123","4/18/2024 6:47:33 PM"
"38529","C123","4/18/2024 6:47:33 PM"
"38547","C123","4/18/2024 6:47:33 PM"
"38561","C123","4/18/2024 6:47:33 PM"
"38579","C123","4/18/2024 6:47:33 PM"
"38595","C123","4/18/2024 6:47:33 PM"
"38518","C123","4/18/2024 6:47:33 PM"
"38526","C123","4/18/2024 6:47:33 PM"
"38541","C123","4/18/2024 6:47:33 PM"
"38553","C123","4/18/2024 6:47:33 PM"
"38565","C123","4/18/2024 6:47:33 PM"
"38582","C123","4/18/2024 6:47:33 PM"
"38516","C123","4/18/2024 6:47:33 PM"
"38522","C123","4/18/2024 6:47:33 PM"
"38534","C123","4/18/2024 6:47:33 PM"
"38546","C123","4/18/2024 6:47:33 PM"
"38569","C123","4/18/2024 6:47:33 PM"
"38585","C123","4/18/2024 6:47:33 PM"
"38543","C123","4/18/2024 6:47:33 PM"
"38556","C123","4/18/2024 6:47:33 PM"
"38574","C123","4/18/2024 6:47:33 PM"
"38590","C123","4/18/2024 6:47:33 PM"
"38530","C123","4/18/2024 6:47:33 PM"
"38542","C123","4/18/2024 6:47:33 PM"
"38548","C123","4/18/2024 6:47:33 PM"
"38559","C123","4/18/2024 6:47:33 PM"
"38560","C123","4/18/2024 6:47:33 PM"
"38576","C123","4/18/2024 6:47:33 PM"
"38577","C123","4/18/2024 6:47:33 PM"
"38592","C123","4/18/2024 6:47:33 PM"
"38593","C123","4/18/2024 6:47:33 PM"
"38537","C123","4/18/2024 6:47:33 PM"
"38511","C123","4/18/2024 6:47:32 PM"
"38510","C123","4/18/2024 6:47:32 PM"
"38512","C123","4/18/2024 6:47:32 PM"
"38513","C123","4/18/2024 6:47:32 PM"
"3856","C123","4/18/2024 6:47:31 PM"
"3852","C123","4/18/2024 6:47:31 PM"
"3853","C123","4/18/2024 6:47:31 PM"
"3858","C123","4/18/2024 6:47:31 PM"
"3859","C123","4/18/2024 6:47:31 PM"
"3850","C123","4/18/2024 6:47:31 PM"
"3854","C123","4/18/2024 6:47:31 PM"
"3855","C123","4/18/2024 6:47:31 PM"
"3851","C123","4/18/2024 6:47:31 PM"
"3857","C123","4/18/2024 6:47:31 PM"
"66284","C123","4/18/2024 6:47:00 PM"
"66294","C123","4/18/2024 6:47:00 PM"
"66298","C123","4/18/2024 6:47:00 PM"
"6629","C123","4/18/2024 6:47:00 PM"
"66210","C123","4/18/2024 6:47:00 PM"
"66219","C123","4/18/2024 6:47:00 PM"
"66227","C123","4/18/2024 6:47:00 PM"
"66230","C123","4/18/2024 6:47:00 PM"
"66239","C123","4/18/2024 6:47:00 PM"
"66244","C123","4/18/2024 6:47:00 PM"
"66249","C123","4/18/2024 6:47:00 PM"
"66260","C123","4/18/2024 6:47:00 PM"
"66261","C123","4/18/2024 6:47:00 PM"
"66274","C123","4/18/2024 6:47:00 PM"
"66276","C123","4/18/2024 6:47:00 PM"
"66288","C123","4/18/2024 6:47:00 PM"
"66291","C123","4/18/2024 6:47:00 PM"
"6625","C123","4/18/2024 6:47:00 PM"
"66220","C123","4/18/2024 6:47:00 PM"
"66235","C123","4/18/2024 6:47:00 PM"
"66243","C123","4/18/2024 6:47:00 PM"
"66259","C123","4/18/2024 6:47:00 PM"
"66275","C123","4/18/2024 6:47:00 PM"
"66290","C123","4/18/2024 6:47:00 PM"
"6621","C123","4/18/2024 6:47:00 PM"
"66214","C123","4/18/2024 6:47:00 PM"
"66213","C123","4/18/2024 6:47:00 PM"
"66225","C123","4/18/2024 6:47:00 PM"
"66233","C123","4/18/2024 6:47:00 PM"
"66240","C123","4/18/2024 6:47:00 PM"
"66252","C123","4/18/2024 6:47:00 PM"
"66264","C123","4/18/2024 6:47:00 PM"
"66268","C123","4/18/2024 6:47:00 PM"
"66278","C123","4/18/2024 6:47:00 PM"
"66246","C123","4/18/2024 6:47:00 PM"
"66256","C123","4/18/2024 6:47:00 PM"
"66271","C123","4/18/2024 6:47:00 PM"
"66283","C123","4/18/2024 6:47:00 PM"
"6623","C123","4/18/2024 6:47:00 PM"
"66216","C123","4/18/2024 6:47:00 PM"
"66229","C123","4/18/2024 6:47:00 PM"
"66245","C123","4/18/2024 6:47:00 PM"
"66258","C123","4/18/2024 6:47:00 PM"
"66273","C123","4/18/2024 6:47:00 PM"
"66289","C123","4/18/2024 6:47:00 PM"
"66212","C123","4/18/2024 6:47:00 PM"
"66215","C123","4/18/2024 6:47:00 PM"
"66226","C123","4/18/2024 6:47:00 PM"
"66231","C123","4/18/2024 6:47:00 PM"
"66247","C123","4/18/2024 6:47:00 PM"
"66250","C123","4/18/2024 6:47:00 PM"
"66263","C123","4/18/2024 6:47:00 PM"
"66265","C123","4/18/2024 6:47:00 PM"
"66277","C123","4/18/2024 6:47:00 PM"
"66279","C123","4/18/2024 6:47:00 PM"
"66292","C123","4/18/2024 6:47:00 PM"
"66295","C123","4/18/2024 6:47:00 PM"
"6628","C123","4/18/2024 6:47:00 PM"
"66222","C123","4/18/2024 6:47:00 PM"
"66236","C123","4/18/2024 6:47:00 PM"
"66254","C123","4/18/2024 6:47:00 PM"
"66269","C123","4/18/2024 6:47:00 PM"
"66285","C123","4/18/2024 6:47:00 PM"
"66299","C123","4/18/2024 6:47:00 PM"
"6624","C123","4/18/2024 6:47:00 PM"
"66218","C123","4/18/2024 6:47:00 PM"
"66234","C123","4/18/2024 6:47:00 PM"
"66248","C123","4/18/2024 6:47:00 PM"
"66262","C123","4/18/2024 6:47:00 PM"
"66280","C123","4/18/2024 6:47:00 PM"
"66293","C123","4/18/2024 6:47:00 PM"
"6620","C123","4/18/2024 6:47:00 PM"
"66217","C123","4/18/2024 6:47:00 PM"
"66232","C123","4/18/2024 6:47:00 PM"
"66253","C123","4/18/2024 6:47:00 PM"
"66267","C123","4/18/2024 6:47:00 PM"
"66282","C123","4/18/2024 6:47:00 PM"
"66297","C123","4/18/2024 6:47:00 PM"
"6627","C123","4/18/2024 6:47:00 PM"
"6626","C123","4/18/2024 6:47:00 PM"
"66223","C123","4/18/2024 6:47:00 PM"
"66224","C123","4/18/2024 6:47:00 PM"
"66238","C123","4/18/2024 6:47:00 PM"
"66241","C123","4/18/2024 6:47:00 PM"
"66242","C123","4/18/2024 6:47:00 PM"
"66255","C123","4/18/2024 6:47:00 PM"
"66257","C123","4/18/2024 6:47:00 PM"
"66270","C123","4/18/2024 6:47:00 PM"
"66272","C123","4/18/2024 6:47:00 PM"
"66286","C123","4/18/2024 6:47:00 PM"
"66287","C123","4/18/2024 6:47:00 PM"
"6622","C123","4/18/2024 6:47:00 PM"
"66221","C123","4/18/2024 6:47:00 PM"
"66237","C123","4/18/2024 6:47:00 PM"
"66251","C123","4/18/2024 6:47:00 PM"
"66266","C123","4/18/2024 6:47:00 PM"
"66281","C123","4/18/2024 6:47:00 PM"
"66296","C123","4/18/2024 6:47:00 PM"
"66211","C123","4/18/2024 6:47:00 PM"
"66228","C123","4/18/2024 6:47:00 PM"
"55987","C123","4/18/2024 6:45:20 PM"
"55997","C123","4/18/2024 6:45:20 PM"
"55994","C123","4/18/2024 6:45:20 PM"
"55985","C123","4/18/2024 6:45:20 PM"
"55981","C123","4/18/2024 6:45:20 PM"
"55998","C123","4/18/2024 6:45:20 PM"
"55989","C123","4/18/2024 6:45:20 PM"
"55980","C123","4/18/2024 6:45:20 PM"
"55982","C123","4/18/2024 6:45:20 PM"
"55996","C123","4/18/2024 6:45:20 PM"
"55999","C123","4/18/2024 6:45:20 PM"
"55993","C123","4/18/2024 6:45:20 PM"
"55986","C123","4/18/2024 6:45:20 PM"
"55984","C123","4/18/2024 6:45:20 PM"
"55992","C123","4/18/2024 6:45:20 PM"
"55995","C123","4/18/2024 6:45:20 PM"
"55990","C123","4/18/2024 6:45:20 PM"
"55983","C123","4/18/2024 6:45:20 PM"
"55988","C123","4/18/2024 6:45:20 PM"
"55991","C123","4/18/2024 6:45:20 PM"
"55916","C123","4/18/2024 6:45:19 PM"
"55921","C123","4/18/2024 6:45:19 PM"
"55931","C123","4/18/2024 6:45:19 PM"
"55940","C123","4/18/2024 6:45:19 PM"
"55956","C123","4/18/2024 6:45:19 PM"
"55970","C123","4/18/2024 6:45:19 PM"
"55973","C123","4/18/2024 6:45:19 PM"
"55977","C123","4/18/2024 6:45:19 PM"
"55919","C123","4/18/2024 6:45:19 PM"
"55929","C123","4/18/2024 6:45:19 PM"
"55935","C123","4/18/2024 6:45:19 PM"
"55943","C123","4/18/2024 6:45:19 PM"
"55958","C123","4/18/2024 6:45:19 PM"
"55971","C123","4/18/2024 6:45:19 PM"
"55910","C123","4/18/2024 6:45:19 PM"
"55922","C123","4/18/2024 6:45:19 PM"
"55932","C123","4/18/2024 6:45:19 PM"
"55941","C123","4/18/2024 6:45:19 PM"
"55957","C123","4/18/2024 6:45:19 PM"
"55969","C123","4/18/2024 6:45:19 PM"
"55913","C123","4/18/2024 6:45:19 PM"
"55925","C123","4/18/2024 6:45:19 PM"
"55939","C123","4/18/2024 6:45:19 PM"
"55948","C123","4/18/2024 6:45:19 PM"
"55953","C123","4/18/2024 6:45:19 PM"
"55964","C123","4/18/2024 6:45:19 PM"
"55912","C123","4/18/2024 6:45:19 PM"
"55923","C123","4/18/2024 6:45:19 PM"
"55934","C123","4/18/2024 6:45:19 PM"
"55944","C123","4/18/2024 6:45:19 PM"
"55959","C123","4/18/2024 6:45:19 PM"
"55974","C123","4/18/2024 6:45:19 PM"
"55915","C123","4/18/2024 6:45:19 PM"
"55920","C123","4/18/2024 6:45:19 PM"
"55930","C123","4/18/2024 6:45:19 PM"
"55942","C123","4/18/2024 6:45:19 PM"
"55950","C123","4/18/2024 6:45:19 PM"
"55955","C123","4/18/2024 6:45:19 PM"
"55967","C123","4/18/2024 6:45:19 PM"
"55968","C123","4/18/2024 6:45:19 PM"
"55914","C123","4/18/2024 6:45:19 PM"
"55928","C123","4/18/2024 6:45:19 PM"
"55938","C123","4/18/2024 6:45:19 PM"
"55949","C123","4/18/2024 6:45:19 PM"
"55963","C123","4/18/2024 6:45:19 PM"
"55978","C123","4/18/2024 6:45:19 PM"
"55954","C123","4/18/2024 6:45:19 PM"
"55972","C123","4/18/2024 6:45:19 PM"
"55917","C123","4/18/2024 6:45:19 PM"
"55926","C123","4/18/2024 6:45:19 PM"
"55937","C123","4/18/2024 6:45:19 PM"
"55946","C123","4/18/2024 6:45:19 PM"
"55952","C123","4/18/2024 6:45:19 PM"
"55962","C123","4/18/2024 6:45:19 PM"
"55966","C123","4/18/2024 6:45:19 PM"
"55979","C123","4/18/2024 6:45:19 PM"
"55911","C123","4/18/2024 6:45:19 PM"
"55924","C123","4/18/2024 6:45:19 PM"
"55936","C123","4/18/2024 6:45:19 PM"
"55947","C123","4/18/2024 6:45:19 PM"
"55961","C123","4/18/2024 6:45:19 PM"
"55976","C123","4/18/2024 6:45:19 PM"
"55918","C123","4/18/2024 6:45:19 PM"
"55927","C123","4/18/2024 6:45:19 PM"
"55933","C123","4/18/2024 6:45:19 PM"
"55945","C123","4/18/2024 6:45:19 PM"
"55951","C123","4/18/2024 6:45:19 PM"
"55960","C123","4/18/2024 6:45:19 PM"
"55965","C123","4/18/2024 6:45:19 PM"
"55975","C123","4/18/2024 6:45:19 PM"
"5595","C123","4/18/2024 6:45:18 PM"
"5596","C123","4/18/2024 6:45:18 PM"
"5598","C123","4/18/2024 6:45:18 PM"
"5594","C123","4/18/2024 6:45:18 PM"
"5592","C123","4/18/2024 6:45:18 PM"
"5590","C123","4/18/2024 6:45:18 PM"
"5599","C123","4/18/2024 6:45:18 PM"
"5593","C123","4/18/2024 6:45:18 PM"
"5591","C123","4/18/2024 6:45:18 PM"
"5597","C123","4/18/2024 6:45:18 PM"
"80677","C123","4/18/2024 6:42:07 PM"
"80693","C123","4/18/2024 6:42:07 PM"
"80656","C123","4/18/2024 6:42:07 PM"
"80667","C123","4/18/2024 6:42:07 PM"
"80669","C123","4/18/2024 6:42:07 PM"
"80683","C123","4/18/2024 6:42:07 PM"
"80685","C123","4/18/2024 6:42:07 PM"
"80699","C123","4/18/2024 6:42:07 PM"
"80658","C123","4/18/2024 6:42:07 PM"
"80665","C123","4/18/2024 6:42:07 PM"
"80673","C123","4/18/2024 6:42:07 PM"
"80681","C123","4/18/2024 6:42:07 PM"
"80688","C123","4/18/2024 6:42:07 PM"
"80697","C123","4/18/2024 6:42:07 PM"
"80672","C123","4/18/2024 6:42:07 PM"
"80691","C123","4/18/2024 6:42:07 PM"
"80659","C123","4/18/2024 6:42:07 PM"
"80676","C123","4/18/2024 6:42:07 PM"
"80689","C123","4/18/2024 6:42:07 PM"
"80664","C123","4/18/2024 6:42:07 PM"
"80671","C123","4/18/2024 6:42:07 PM"
"80680","C123","4/18/2024 6:42:07 PM"
"80687","C123","4/18/2024 6:42:07 PM"
"80698","C123","4/18/2024 6:42:07 PM"
"80657","C123","4/18/2024 6:42:07 PM"
"80674","C123","4/18/2024 6:42:07 PM"
"80692","C123","4/18/2024 6:42:07 PM"
"80670","C123","4/18/2024 6:42:07 PM"
"80684","C123","4/18/2024 6:42:07 PM"
"80678","C123","4/18/2024 6:42:07 PM"
"80686","C123","4/18/2024 6:42:07 PM"
"80695","C123","4/18/2024 6:42:07 PM"
"80662","C123","4/18/2024 6:42:07 PM"
"80679","C123","4/18/2024 6:42:07 PM"
"80661","C123","4/18/2024 6:42:07 PM"
"80668","C123","4/18/2024 6:42:07 PM"
"80663","C123","4/18/2024 6:42:07 PM"
"80655","C123","4/18/2024 6:42:07 PM"
"80696","C123","4/18/2024 6:42:07 PM"
"80690","C123","4/18/2024 6:42:07 PM"
"80682","C123","4/18/2024 6:42:07 PM"
"80675","C123","4/18/2024 6:42:07 PM"
"80694","C123","4/18/2024 6:42:07 PM"
"80660","C123","4/18/2024 6:42:07 PM"
"80666","C123","4/18/2024 6:42:07 PM"
"80625","C123","4/18/2024 6:42:06 PM"
"80633","C123","4/18/2024 6:42:06 PM"
"80644","C123","4/18/2024 6:42:06 PM"
"80650","C123","4/18/2024 6:42:06 PM"
"80619","C123","4/18/2024 6:42:06 PM"
"80628","C123","4/18/2024 6:42:06 PM"
"80638","C123","4/18/2024 6:42:06 PM"
"80649","C123","4/18/2024 6:42:06 PM"
"8063","C123","4/18/2024 6:42:06 PM"
"8065","C123","4/18/2024 6:42:06 PM"
"80617","C123","4/18/2024 6:42:06 PM"
"80624","C123","4/18/2024 6:42:06 PM"
"80635","C123","4/18/2024 6:42:06 PM"
"80645","C123","4/18/2024 6:42:06 PM"
"8069","C123","4/18/2024 6:42:06 PM"
"8062","C123","4/18/2024 6:42:06 PM"
"80614","C123","4/18/2024 6:42:06 PM"
"80618","C123","4/18/2024 6:42:06 PM"
"80620","C123","4/18/2024 6:42:06 PM"
"80627","C123","4/18/2024 6:42:06 PM"
"80630","C123","4/18/2024 6:42:06 PM"
"80636","C123","4/18/2024 6:42:06 PM"
"80641","C123","4/18/2024 6:42:06 PM"
"80652","C123","4/18/2024 6:42:06 PM"
"8068","C123","4/18/2024 6:42:06 PM"
"8061","C123","4/18/2024 6:42:06 PM"
"80611","C123","4/18/2024 6:42:06 PM"
"80622","C123","4/18/2024 6:42:06 PM"
"80632","C123","4/18/2024 6:42:06 PM"
"80642","C123","4/18/2024 6:42:06 PM"
"80648","C123","4/18/2024 6:42:06 PM"
"80610","C123","4/18/2024 6:42:06 PM"
"80626","C123","4/18/2024 6:42:06 PM"
"80637","C123","4/18/2024 6:42:06 PM"
"80654","C123","4/18/2024 6:42:06 PM"
"80615","C123","4/18/2024 6:42:06 PM"
"80623","C123","4/18/2024 6:42:06 PM"
"80634","C123","4/18/2024 6:42:06 PM"
"80643","C123","4/18/2024 6:42:06 PM"
"8067","C123","4/18/2024 6:42:06 PM"
"8066","C123","4/18/2024 6:42:06 PM"
"80616","C123","4/18/2024 6:42:06 PM"
"80629","C123","4/18/2024 6:42:06 PM"
"80639","C123","4/18/2024 6:42:06 PM"
"80647","C123","4/18/2024 6:42:06 PM"
"80653","C123","4/18/2024 6:42:06 PM"
"80640","C123","4/18/2024 6:42:06 PM"
"80651","C123","4/18/2024 6:42:06 PM"
"80646","C123","4/18/2024 6:42:06 PM"
"8064","C123","4/18/2024 6:42:06 PM"
"8060","C123","4/18/2024 6:42:06 PM"
"80613","C123","4/18/2024 6:42:06 PM"
"80621","C123","4/18/2024 6:42:06 PM"
"80631","C123","4/18/2024 6:42:06 PM"
"80612","C123","4/18/2024 6:42:06 PM"
"38797","C123","4/18/2024 6:29:24 PM"
"38799","C123","4/18/2024 6:29:24 PM"
"38795","C123","4/18/2024 6:29:24 PM"
"38796","C123","4/18/2024 6:29:24 PM"
"38798","C123","4/18/2024 6:29:24 PM"
"38739","C123","4/18/2024 6:29:23 PM"
"38754","C123","4/18/2024 6:29:23 PM"
"38773","C123","4/18/2024 6:29:23 PM"
"38794","C123","4/18/2024 6:29:23 PM"
"38713","C123","4/18/2024 6:29:23 PM"
"38723","C123","4/18/2024 6:29:23 PM"
"38730","C123","4/18/2024 6:29:23 PM"
"38746","C123","4/18/2024 6:29:23 PM"
"38762","C123","4/18/2024 6:29:23 PM"
"38763","C123","4/18/2024 6:29:23 PM"
"38782","C123","4/18/2024 6:29:23 PM"
"38783","C123","4/18/2024 6:29:23 PM"
"38790","C123","4/18/2024 6:29:23 PM"
"38719","C123","4/18/2024 6:29:23 PM"
"38720","C123","4/18/2024 6:29:23 PM"
"38731","C123","4/18/2024 6:29:23 PM"
"38748","C123","4/18/2024 6:29:23 PM"
"38761","C123","4/18/2024 6:29:23 PM"
"38766","C123","4/18/2024 6:29:23 PM"
"38781","C123","4/18/2024 6:29:23 PM"
"38786","C123","4/18/2024 6:29:23 PM"
"38717","C123","4/18/2024 6:29:23 PM"
"38716","C123","4/18/2024 6:29:23 PM"
"38729","C123","4/18/2024 6:29:23 PM"
"38740","C123","4/18/2024 6:29:23 PM"
"38753","C123","4/18/2024 6:29:23 PM"
"38768","C123","4/18/2024 6:29:23 PM"
"38772","C123","4/18/2024 6:29:23 PM"
"38788","C123","4/18/2024 6:29:23 PM"
"38791","C123","4/18/2024 6:29:23 PM"
"38710","C123","4/18/2024 6:29:23 PM"
"38722","C123","4/18/2024 6:29:23 PM"
"38728","C123","4/18/2024 6:29:23 PM"
"38738","C123","4/18/2024 6:29:23 PM"
"38742","C123","4/18/2024 6:29:23 PM"
"38751","C123","4/18/2024 6:29:23 PM"
"38755","C123","4/18/2024 6:29:23 PM"
"38770","C123","4/18/2024 6:29:23 PM"
"38775","C123","4/18/2024 6:29:23 PM"
"38712","C123","4/18/2024 6:29:23 PM"
"38711","C123","4/18/2024 6:29:23 PM"
"38724","C123","4/18/2024 6:29:23 PM"
"38734","C123","4/18/2024 6:29:23 PM"
"38735","C123","4/18/2024 6:29:23 PM"
"38741","C123","4/18/2024 6:29:23 PM"
"38745","C123","4/18/2024 6:29:23 PM"
"38758","C123","4/18/2024 6:29:23 PM"
"38759","C123","4/18/2024 6:29:23 PM"
"38764","C123","4/18/2024 6:29:23 PM"
"38778","C123","4/18/2024 6:29:23 PM"
"38779","C123","4/18/2024 6:29:23 PM"
"38784","C123","4/18/2024 6:29:23 PM"
"38715","C123","4/18/2024 6:29:23 PM"
"38727","C123","4/18/2024 6:29:23 PM"
"38736","C123","4/18/2024 6:29:23 PM"
"38749","C123","4/18/2024 6:29:23 PM"
"38760","C123","4/18/2024 6:29:23 PM"
"38769","C123","4/18/2024 6:29:23 PM"
"38780","C123","4/18/2024 6:29:23 PM"
"38789","C123","4/18/2024 6:29:23 PM"
"38733","C123","4/18/2024 6:29:23 PM"
"38744","C123","4/18/2024 6:29:23 PM"
"38757","C123","4/18/2024 6:29:23 PM"
"38777","C123","4/18/2024 6:29:23 PM"
"38732","C123","4/18/2024 6:29:23 PM"
"38747","C123","4/18/2024 6:29:23 PM"
"38765","C123","4/18/2024 6:29:23 PM"
"38774","C123","4/18/2024 6:29:23 PM"
"38785","C123","4/18/2024 6:29:23 PM"
"38793","C123","4/18/2024 6:29:23 PM"
"38714","C123","4/18/2024 6:29:23 PM"
"38721","C123","4/18/2024 6:29:23 PM"
"38737","C123","4/18/2024 6:29:23 PM"
"38750","C123","4/18/2024 6:29:23 PM"
"38752","C123","4/18/2024 6:29:23 PM"
"38767","C123","4/18/2024 6:29:23 PM"
"38771","C123","4/18/2024 6:29:23 PM"
"38787","C123","4/18/2024 6:29:23 PM"
"38792","C123","4/18/2024 6:29:23 PM"
"38743","C123","4/18/2024 6:29:23 PM"
"38756","C123","4/18/2024 6:29:23 PM"
"38776","C123","4/18/2024 6:29:23 PM"
"38718","C123","4/18/2024 6:29:23 PM"
"38726","C123","4/18/2024 6:29:23 PM"
"38725","C123","4/18/2024 6:29:23 PM"
"3874","C123","4/18/2024 6:29:22 PM"
"3872","C123","4/18/2024 6:29:22 PM"
"3877","C123","4/18/2024 6:29:22 PM"
"3876","C123","4/18/2024 6:29:22 PM"
"3879","C123","4/18/2024 6:29:22 PM"
"3873","C123","4/18/2024 6:29:22 PM"
"3875","C123","4/18/2024 6:29:22 PM"
"3871","C123","4/18/2024 6:29:22 PM"
"3870","C123","4/18/2024 6:29:22 PM"
"3878","C123","4/18/2024 6:29:22 PM"
"18391","C123","4/18/2024 1:10:25 PM"
"18399","C123","4/18/2024 1:10:25 PM"
"18389","C123","4/18/2024 1:10:25 PM"
"18397","C123","4/18/2024 1:10:25 PM"
"18398","C123","4/18/2024 1:10:25 PM"
"18396","C123","4/18/2024 1:10:25 PM"
"18393","C123","4/18/2024 1:10:25 PM"
"18395","C123","4/18/2024 1:10:25 PM"
"18392","C123","4/18/2024 1:10:25 PM"
"18390","C123","4/18/2024 1:10:25 PM"
"18394","C123","4/18/2024 1:10:25 PM"
"1838","C123","4/18/2024 1:10:24 PM"
"18316","C123","4/18/2024 1:10:24 PM"
"18317","C123","4/18/2024 1:10:24 PM"
"18325","C123","4/18/2024 1:10:24 PM"
"18331","C123","4/18/2024 1:10:24 PM"
"18336","C123","4/18/2024 1:10:24 PM"
"18344","C123","4/18/2024 1:10:24 PM"
"18348","C123","4/18/2024 1:10:24 PM"
"18351","C123","4/18/2024 1:10:24 PM"
"18361","C123","4/18/2024 1:10:24 PM"
"18366","C123","4/18/2024 1:10:24 PM"
"18376","C123","4/18/2024 1:10:24 PM"
"18379","C123","4/18/2024 1:10:24 PM"
"18388","C123","4/18/2024 1:10:24 PM"
"18319","C123","4/18/2024 1:10:24 PM"
"18326","C123","4/18/2024 1:10:24 PM"
"18334","C123","4/18/2024 1:10:24 PM"
"18346","C123","4/18/2024 1:10:24 PM"
"18360","C123","4/18/2024 1:10:24 PM"
"18368","C123","4/18/2024 1:10:24 PM"
"18378","C123","4/18/2024 1:10:24 PM"
"1835","C123","4/18/2024 1:10:24 PM"
"18311","C123","4/18/2024 1:10:24 PM"
"18322","C123","4/18/2024 1:10:24 PM"
"18333","C123","4/18/2024 1:10:24 PM"
"18343","C123","4/18/2024 1:10:24 PM"
"18355","C123","4/18/2024 1:10:24 PM"
"18364","C123","4/18/2024 1:10:24 PM"
"18377","C123","4/18/2024 1:10:24 PM"
"18386","C123","4/18/2024 1:10:24 PM"
"18310","C123","4/18/2024 1:10:24 PM"
"18321","C123","4/18/2024 1:10:24 PM"
"18330","C123","4/18/2024 1:10:24 PM"
"18341","C123","4/18/2024 1:10:24 PM"
"18352","C123","4/18/2024 1:10:24 PM"
"18365","C123","4/18/2024 1:10:24 PM"
"18375","C123","4/18/2024 1:10:24 PM"
"18385","C123","4/18/2024 1:10:24 PM"
"18318","C123","4/18/2024 1:10:24 PM"
"18327","C123","4/18/2024 1:10:24 PM"
"18338","C123","4/18/2024 1:10:24 PM"
"18353","C123","4/18/2024 1:10:24 PM"
"18362","C123","4/18/2024 1:10:24 PM"
"18374","C123","4/18/2024 1:10:24 PM"
"18384","C123","4/18/2024 1:10:24 PM"
"1837","C123","4/18/2024 1:10:24 PM"
"18312","C123","4/18/2024 1:10:24 PM"
"18329","C123","4/18/2024 1:10:24 PM"
"18337","C123","4/18/2024 1:10:24 PM"
"18350","C123","4/18/2024 1:10:24 PM"
"18357","C123","4/18/2024 1:10:24 PM"
"18370","C123","4/18/2024 1:10:24 PM"
"18381","C123","4/18/2024 1:10:24 PM"
"1839","C123","4/18/2024 1:10:24 PM"
"18320","C123","4/18/2024 1:10:24 PM"
"18332","C123","4/18/2024 1:10:24 PM"
"18342","C123","4/18/2024 1:10:24 PM"
"18354","C123","4/18/2024 1:10:24 PM"
"18363","C123","4/18/2024 1:10:24 PM"
"18373","C123","4/18/2024 1:10:24 PM"
"18382","C123","4/18/2024 1:10:24 PM"
"18315","C123","4/18/2024 1:10:24 PM"
"18328","C123","4/18/2024 1:10:24 PM"
"18340","C123","4/18/2024 1:10:24 PM"
"18347","C123","4/18/2024 1:10:24 PM"
"18358","C123","4/18/2024 1:10:24 PM"
"18371","C123","4/18/2024 1:10:24 PM"
"18383","C123","4/18/2024 1:10:24 PM"
"1836","C123","4/18/2024 1:10:24 PM"
"1834","C123","4/18/2024 1:10:24 PM"
"18314","C123","4/18/2024 1:10:24 PM"
"18313","C123","4/18/2024 1:10:24 PM"
"18323","C123","4/18/2024 1:10:24 PM"
"18324","C123","4/18/2024 1:10:24 PM"
"18339","C123","4/18/2024 1:10:24 PM"
"18335","C123","4/18/2024 1:10:24 PM"
"18345","C123","4/18/2024 1:10:24 PM"
"18349","C123","4/18/2024 1:10:24 PM"
"18356","C123","4/18/2024 1:10:24 PM"
"18359","C123","4/18/2024 1:10:24 PM"
"18367","C123","4/18/2024 1:10:24 PM"
"18369","C123","4/18/2024 1:10:24 PM"
"18372","C123","4/18/2024 1:10:24 PM"
"18380","C123","4/18/2024 1:10:24 PM"
"18387","C123","4/18/2024 1:10:24 PM"
"1831","C123","4/18/2024 1:10:23 PM"
"1833","C123","4/18/2024 1:10:23 PM"
"1832","C123","4/18/2024 1:10:23 PM"
"1830","C123","4/18/2024 1:10:23 PM"
"5628","C123","4/18/2024 1:09:56 PM"
"5623","C123","4/18/2024 1:09:56 PM"
"5627","C123","4/18/2024 1:09:56 PM"
"5626","C123","4/18/2024 1:09:56 PM"
"5620","C123","4/18/2024 1:09:56 PM"
"5625","C123","4/18/2024 1:09:56 PM"
"5624","C123","4/18/2024 1:09:56 PM"
"5622","C123","4/18/2024 1:09:56 PM"
"5621","C123","4/18/2024 1:09:56 PM"
"5629","C123","4/18/2024 1:09:56 PM"
"94050","C123","4/18/2024 1:02:45 PM"
"94068","C123","4/18/2024 1:02:45 PM"
"94091","C123","4/18/2024 1:02:45 PM"
"94041","C123","4/18/2024 1:02:45 PM"
"94054","C123","4/18/2024 1:02:45 PM"
"94061","C123","4/18/2024 1:02:45 PM"
"94077","C123","4/18/2024 1:02:45 PM"
"94081","C123","4/18/2024 1:02:45 PM"
"94098","C123","4/18/2024 1:02:45 PM"
"94043","C123","4/18/2024 1:02:45 PM"
"94052","C123","4/18/2024 1:02:45 PM"
"94066","C123","4/18/2024 1:02:45 PM"
"94075","C123","4/18/2024 1:02:45 PM"
"94086","C123","4/18/2024 1:02:45 PM"
"94097","C123","4/18/2024 1:02:45 PM"
"94046","C123","4/18/2024 1:02:45 PM"
"94067","C123","4/18/2024 1:02:45 PM"
"94088","C123","4/18/2024 1:02:45 PM"
"94053","C123","4/18/2024 1:02:45 PM"
"94060","C123","4/18/2024 1:02:45 PM"
"94076","C123","4/18/2024 1:02:45 PM"
"94082","C123","4/18/2024 1:02:45 PM"
"94096","C123","4/18/2024 1:02:45 PM"
"94048","C123","4/18/2024 1:02:45 PM"
"94051","C123","4/18/2024 1:02:45 PM"
"94069","C123","4/18/2024 1:02:45 PM"
"94072","C123","4/18/2024 1:02:45 PM"
"94089","C123","4/18/2024 1:02:45 PM"
"94092","C123","4/18/2024 1:02:45 PM"
"94045","C123","4/18/2024 1:02:45 PM"
"94056","C123","4/18/2024 1:02:45 PM"
"94065","C123","4/18/2024 1:02:45 PM"
"94073","C123","4/18/2024 1:02:45 PM"
"94087","C123","4/18/2024 1:02:45 PM"
"94093","C123","4/18/2024 1:02:45 PM"
"94049","C123","4/18/2024 1:02:45 PM"
"94070","C123","4/18/2024 1:02:45 PM"
"94090","C123","4/18/2024 1:02:45 PM"
"94042","C123","4/18/2024 1:02:45 PM"
"94059","C123","4/18/2024 1:02:45 PM"
"94058","C123","4/18/2024 1:02:45 PM"
"94064","C123","4/18/2024 1:02:45 PM"
"94080","C123","4/18/2024 1:02:45 PM"
"94078","C123","4/18/2024 1:02:45 PM"
"94083","C123","4/18/2024 1:02:45 PM"
"94044","C123","4/18/2024 1:02:45 PM"
"94055","C123","4/18/2024 1:02:45 PM"
"94063","C123","4/18/2024 1:02:45 PM"
"94074","C123","4/18/2024 1:02:45 PM"
"94084","C123","4/18/2024 1:02:45 PM"
"94094","C123","4/18/2024 1:02:45 PM"
"94047","C123","4/18/2024 1:02:45 PM"
"94057","C123","4/18/2024 1:02:45 PM"
"94062","C123","4/18/2024 1:02:45 PM"
"94071","C123","4/18/2024 1:02:45 PM"
"94079","C123","4/18/2024 1:02:45 PM"
"94085","C123","4/18/2024 1:02:45 PM"
"94095","C123","4/18/2024 1:02:45 PM"
"94099","C123","4/18/2024 1:02:45 PM"
"94030","C123","4/18/2024 1:02:44 PM"
"94029","C123","4/18/2024 1:02:44 PM"
"94020","C123","4/18/2024 1:02:44 PM"
"94031","C123","4/18/2024 1:02:44 PM"
"94023","C123","4/18/2024 1:02:44 PM"
"94013","C123","4/18/2024 1:02:44 PM"
"94038","C123","4/18/2024 1:02:44 PM"
"94033","C123","4/18/2024 1:02:44 PM"
"94028","C123","4/18/2024 1:02:44 PM"
"94024","C123","4/18/2024 1:02:44 PM"
"94019","C123","4/18/2024 1:02:44 PM"
"94012","C123","4/18/2024 1:02:44 PM"
"94040","C123","4/18/2024 1:02:44 PM"
"94039","C123","4/18/2024 1:02:44 PM"
"94015","C123","4/18/2024 1:02:44 PM"
"94035","C123","4/18/2024 1:02:44 PM"
"94025","C123","4/18/2024 1:02:44 PM"
"94017","C123","4/18/2024 1:02:44 PM"
"94010","C123","4/18/2024 1:02:44 PM"
"94037","C123","4/18/2024 1:02:44 PM"
"94027","C123","4/18/2024 1:02:44 PM"
"94018","C123","4/18/2024 1:02:44 PM"
"94034","C123","4/18/2024 1:02:44 PM"
"94022","C123","4/18/2024 1:02:44 PM"
"94014","C123","4/18/2024 1:02:44 PM"
"94032","C123","4/18/2024 1:02:44 PM"
"94021","C123","4/18/2024 1:02:44 PM"
"94011","C123","4/18/2024 1:02:44 PM"
"94036","C123","4/18/2024 1:02:44 PM"
"94016","C123","4/18/2024 1:02:44 PM"
"94026","C123","4/18/2024 1:02:44 PM"
"9403","C123","4/18/2024 1:02:43 PM"
"9407","C123","4/18/2024 1:02:43 PM"
"9401","C123","4/18/2024 1:02:43 PM"
"9405","C123","4/18/2024 1:02:43 PM"
"9409","C123","4/18/2024 1:02:43 PM"
"9404","C123","4/18/2024 1:02:43 PM"
"9406","C123","4/18/2024 1:02:43 PM"
"9408","C123","4/18/2024 1:02:43 PM"
"9400","C123","4/18/2024 1:02:43 PM"
"9402","C123","4/18/2024 1:02:43 PM"
"75899","C123","4/18/2024 12:21:34 PM"
"75898","C123","4/18/2024 12:21:33 PM"
"75897","C123","4/18/2024 12:21:32 PM"
"75896","C123","4/18/2024 12:21:31 PM"
"75895","C123","4/18/2024 12:21:30 PM"
"75894","C123","4/18/2024 12:21:29 PM"
"75893","C123","4/18/2024 12:21:28 PM"
"75892","C123","4/18/2024 12:21:27 PM"
"75891","C123","4/18/2024 12:21:26 PM"
"75890","C123","4/18/2024 12:21:25 PM"
"75889","C123","4/18/2024 12:21:24 PM"
"75888","C123","4/18/2024 12:21:22 PM"
"75887","C123","4/18/2024 12:21:21 PM"
"75886","C123","4/18/2024 12:21:20 PM"
"75885","C123","4/18/2024 12:21:19 PM"
"75884","C123","4/18/2024 12:21:18 PM"
"75883","C123","4/18/2024 12:21:17 PM"
"75882","C123","4/18/2024 12:21:16 PM"
"75881","C123","4/18/2024 12:21:15 PM"
"75880","C123","4/18/2024 12:21:14 PM"
"75879","C123","4/18/2024 12:21:13 PM"
"75878","C123","4/18/2024 12:21:12 PM"
"75877","C123","4/18/2024 12:21:11 PM"
"75876","C123","4/18/2024 12:21:10 PM"
"75875","C123","4/18/2024 12:21:09 PM"
"75874","C123","4/18/2024 12:21:08 PM"
"75873","C123","4/18/2024 12:21:07 PM"
"75872","C123","4/18/2024 12:21:06 PM"
"75871","C123","4/18/2024 12:21:05 PM"
"75870","C123","4/18/2024 12:21:04 PM"
"75869","C123","4/18/2024 12:21:03 PM"
"75868","C123","4/18/2024 12:21:02 PM"
"75867","C123","4/18/2024 12:21:01 PM"
"75866","C123","4/18/2024 12:21:00 PM"
"75865","C123","4/18/2024 12:20:59 PM"
"75864","C123","4/18/2024 12:20:58 PM"
"75863","C123","4/18/2024 12:20:57 PM"
"75862","C123","4/18/2024 12:20:56 PM"
"75861","C123","4/18/2024 12:20:55 PM"
"75860","C123","4/18/2024 12:20:54 PM"
"75859","C123","4/18/2024 12:20:53 PM"
"75858","C123","4/18/2024 12:20:52 PM"
"75857","C123","4/18/2024 12:20:51 PM"
"75856","C123","4/18/2024 12:20:50 PM"
"75855","C123","4/18/2024 12:20:49 PM"
"75854","C123","4/18/2024 12:20:48 PM"
"75853","C123","4/18/2024 12:20:47 PM"
"75852","C123","4/18/2024 12:20:46 PM"
"75851","C123","4/18/2024 12:20:45 PM"
"75850","C123","4/18/2024 12:20:44 PM"
"75849","C123","4/18/2024 12:20:43 PM"
"75848","C123","4/18/2024 12:20:42 PM"
"75847","C123","4/18/2024 12:20:41 PM"
"75846","C123","4/18/2024 12:20:40 PM"
"75845","C123","4/18/2024 12:20:39 PM"
"75844","C123","4/18/2024 12:20:38 PM"
"75843","C123","4/18/2024 12:20:37 PM"
"75842","C123","4/18/2024 12:20:36 PM"
"75841","C123","4/18/2024 12:20:35 PM"
"75840","C123","4/18/2024 12:20:34 PM"
"75839","C123","4/18/2024 12:20:33 PM"
"75838","C123","4/18/2024 12:20:32 PM"
"75837","C123","4/18/2024 12:20:31 PM"
"75836","C123","4/18/2024 12:20:30 PM"
"75835","C123","4/18/2024 12:20:29 PM"
"75834","C123","4/18/2024 12:20:28 PM"
"75833","C123","4/18/2024 12:20:27 PM"
"75832","C123","4/18/2024 12:20:26 PM"
"75831","C123","4/18/2024 12:20:25 PM"
"75830","C123","4/18/2024 12:20:24 PM"
"75829","C123","4/18/2024 12:20:23 PM"
"75828","C123","4/18/2024 12:20:22 PM"
"75827","C123","4/18/2024 12:20:21 PM"
"75826","C123","4/18/2024 12:20:20 PM"
"75825","C123","4/18/2024 12:20:19 PM"
"75824","C123","4/18/2024 12:20:18 PM"
"75823","C123","4/18/2024 12:20:17 PM"
"75822","C123","4/18/2024 12:20:16 PM"
"75821","C123","4/18/2024 12:20:15 PM"
"75820","C123","4/18/2024 12:20:14 PM"
"75819","C123","4/18/2024 12:20:13 PM"
"75818","C123","4/18/2024 12:20:12 PM"
"75817","C123","4/18/2024 12:20:11 PM"
"75816","C123","4/18/2024 12:20:10 PM"
"75815","C123","4/18/2024 12:20:09 PM"
"75814","C123","4/18/2024 12:20:08 PM"
"75813","C123","4/18/2024 12:20:07 PM"
"75812","C123","4/18/2024 12:20:06 PM"
"75811","C123","4/18/2024 12:20:05 PM"
"75810","C123","4/18/2024 12:20:04 PM"
"7589","C123","4/18/2024 12:20:03 PM"
"7588","C123","4/18/2024 12:20:02 PM"
"7587","C123","4/18/2024 12:20:01 PM"
"7586","C123","4/18/2024 12:20:00 PM"
"7585","C123","4/18/2024 12:19:59 PM"
"7584","C123","4/18/2024 12:19:58 PM"
"7583","C123","4/18/2024 12:19:57 PM"
"7582","C123","4/18/2024 12:19:56 PM"
"7581","C123","4/18/2024 12:19:55 PM"
"7580","C123","4/18/2024 12:19:54 PM"
"81495","C123","4/18/2024 12:14:55 PM"
"81481","C123","4/18/2024 12:14:55 PM"
"81489","C123","4/18/2024 12:14:55 PM"
"81479","C123","4/18/2024 12:14:55 PM"
"81485","C123","4/18/2024 12:14:55 PM"
"81491","C123","4/18/2024 12:14:55 PM"
"81493","C123","4/18/2024 12:14:55 PM"
"81480","C123","4/18/2024 12:14:55 PM"
"81492","C123","4/18/2024 12:14:55 PM"
"81478","C123","4/18/2024 12:14:55 PM"
"81488","C123","4/18/2024 12:14:55 PM"
"81487","C123","4/18/2024 12:14:55 PM"
"81498","C123","4/18/2024 12:14:55 PM"
"81483","C123","4/18/2024 12:14:55 PM"
"81494","C123","4/18/2024 12:14:55 PM"
"81477","C123","4/18/2024 12:14:55 PM"
"81490","C123","4/18/2024 12:14:55 PM"
"81484","C123","4/18/2024 12:14:55 PM"
"81476","C123","4/18/2024 12:14:55 PM"
"81497","C123","4/18/2024 12:14:55 PM"
"81486","C123","4/18/2024 12:14:55 PM"
"81499","C123","4/18/2024 12:14:55 PM"
"81482","C123","4/18/2024 12:14:55 PM"
"81496","C123","4/18/2024 12:14:55 PM"
"8149","C123","4/18/2024 12:14:54 PM"
"81420","C123","4/18/2024 12:14:54 PM"
"81431","C123","4/18/2024 12:14:54 PM"
"81442","C123","4/18/2024 12:14:54 PM"
"81457","C123","4/18/2024 12:14:54 PM"
"81466","C123","4/18/2024 12:14:54 PM"
"8147","C123","4/18/2024 12:14:54 PM"
"81418","C123","4/18/2024 12:14:54 PM"
"81427","C123","4/18/2024 12:14:54 PM"
"81433","C123","4/18/2024 12:14:54 PM"
"81448","C123","4/18/2024 12:14:54 PM"
"81454","C123","4/18/2024 12:14:54 PM"
"81464","C123","4/18/2024 12:14:54 PM"
"81472","C123","4/18/2024 12:14:54 PM"
"8142","C123","4/18/2024 12:14:54 PM"
"81413","C123","4/18/2024 12:14:54 PM"
"81424","C123","4/18/2024 12:14:54 PM"
"81437","C123","4/18/2024 12:14:54 PM"
"81445","C123","4/18/2024 12:14:54 PM"
"81452","C123","4/18/2024 12:14:54 PM"
"81465","C123","4/18/2024 12:14:54 PM"
"8144","C123","4/18/2024 12:14:54 PM"
"81415","C123","4/18/2024 12:14:54 PM"
"81425","C123","4/18/2024 12:14:54 PM"
"81440","C123","4/18/2024 12:14:54 PM"
"81451","C123","4/18/2024 12:14:54 PM"
"81460","C123","4/18/2024 12:14:54 PM"
"81471","C123","4/18/2024 12:14:54 PM"
"8146","C123","4/18/2024 12:14:54 PM"
"81410","C123","4/18/2024 12:14:54 PM"
"81417","C123","4/18/2024 12:14:54 PM"
"81421","C123","4/18/2024 12:14:54 PM"
"81428","C123","4/18/2024 12:14:54 PM"
"81436","C123","4/18/2024 12:14:54 PM"
"81439","C123","4/18/2024 12:14:54 PM"
"81444","C123","4/18/2024 12:14:54 PM"
"81447","C123","4/18/2024 12:14:54 PM"
"81453","C123","4/18/2024 12:14:54 PM"
"81455","C123","4/18/2024 12:14:54 PM"
"81463","C123","4/18/2024 12:14:54 PM"
"81467","C123","4/18/2024 12:14:54 PM"
"81473","C123","4/18/2024 12:14:54 PM"
"8141","C123","4/18/2024 12:14:54 PM"
"81416","C123","4/18/2024 12:14:54 PM"
"81422","C123","4/18/2024 12:14:54 PM"
"81432","C123","4/18/2024 12:14:54 PM"
"81441","C123","4/18/2024 12:14:54 PM"
"81458","C123","4/18/2024 12:14:54 PM"
"81468","C123","4/18/2024 12:14:54 PM"
"8145","C123","4/18/2024 12:14:54 PM"
"81412","C123","4/18/2024 12:14:54 PM"
"81429","C123","4/18/2024 12:14:54 PM"
"81434","C123","4/18/2024 12:14:54 PM"
"81446","C123","4/18/2024 12:14:54 PM"
"81459","C123","4/18/2024 12:14:54 PM"
"81470","C123","4/18/2024 12:14:54 PM"
"8140","C123","4/18/2024 12:14:54 PM"
"81411","C123","4/18/2024 12:14:54 PM"
"81430","C123","4/18/2024 12:14:54 PM"
"81443","C123","4/18/2024 12:14:54 PM"
"81461","C123","4/18/2024 12:14:54 PM"
"81474","C123","4/18/2024 12:14:54 PM"
"8143","C123","4/18/2024 12:14:54 PM"
"81414","C123","4/18/2024 12:14:54 PM"
"81426","C123","4/18/2024 12:14:54 PM"
"81438","C123","4/18/2024 12:14:54 PM"
"81450","C123","4/18/2024 12:14:54 PM"
"81462","C123","4/18/2024 12:14:54 PM"
"81475","C123","4/18/2024 12:14:54 PM"
"8148","C123","4/18/2024 12:14:54 PM"
"81419","C123","4/18/2024 12:14:54 PM"
"81423","C123","4/18/2024 12:14:54 PM"
"81435","C123","4/18/2024 12:14:54 PM"
"81449","C123","4/18/2024 12:14:54 PM"
"81456","C123","4/18/2024 12:14:54 PM"
"81469","C123","4/18/2024 12:14:54 PM"
"5307578096","C123","4/18/2024 12:11:09 PM"
"5307578038","C123","4/18/2024 12:11:09 PM"
"5307578048","C123","4/18/2024 12:11:09 PM"
"5307578058","C123","4/18/2024 12:11:09 PM"
"5307578067","C123","4/18/2024 12:11:09 PM"
"5307578081","C123","4/18/2024 12:11:09 PM"
"5307578093","C123","4/18/2024 12:11:09 PM"
"5307578044","C123","4/18/2024 12:11:09 PM"
"5307578055","C123","4/18/2024 12:11:09 PM"
"5307578066","C123","4/18/2024 12:11:09 PM"
"5307578076","C123","4/18/2024 12:11:09 PM"
"5307578088","C123","4/18/2024 12:11:09 PM"
"5307578039","C123","4/18/2024 12:11:09 PM"
"5307578050","C123","4/18/2024 12:11:09 PM"
"5307578061","C123","4/18/2024 12:11:09 PM"
"5307578072","C123","4/18/2024 12:11:09 PM"
"5307578083","C123","4/18/2024 12:11:09 PM"
"5307578095","C123","4/18/2024 12:11:09 PM"
"5307578037","C123","4/18/2024 12:11:09 PM"
"5307578049","C123","4/18/2024 12:11:09 PM"
"5307578057","C123","4/18/2024 12:11:09 PM"
"5307578070","C123","4/18/2024 12:11:09 PM"
"5307578082","C123","4/18/2024 12:11:09 PM"
"5307578091","C123","4/18/2024 12:11:09 PM"
"5307578036","C123","4/18/2024 12:11:09 PM"
"5307578045","C123","4/18/2024 12:11:09 PM"
"5307578060","C123","4/18/2024 12:11:09 PM"
"5307578071","C123","4/18/2024 12:11:09 PM"
"5307578078","C123","4/18/2024 12:11:09 PM"
"5307578090","C123","4/18/2024 12:11:09 PM"
"5307578041","C123","4/18/2024 12:11:09 PM"
"5307578052","C123","4/18/2024 12:11:09 PM"
"5307578063","C123","4/18/2024 12:11:09 PM"
"5307578077","C123","4/18/2024 12:11:09 PM"
"5307578087","C123","4/18/2024 12:11:09 PM"
"5307578094","C123","4/18/2024 12:11:09 PM"
"5307578012","C123","4/18/2024 12:11:09 PM"
"5307578015","C123","4/18/2024 12:11:09 PM"
"5307578019","C123","4/18/2024 12:11:09 PM"
"5307578020","C123","4/18/2024 12:11:09 PM"
"5307578022","C123","4/18/2024 12:11:09 PM"
"5307578023","C123","4/18/2024 12:11:09 PM"
"5307578024","C123","4/18/2024 12:11:09 PM"
"5307578025","C123","4/18/2024 12:11:09 PM"
"5307578026","C123","4/18/2024 12:11:09 PM"
"5307578027","C123","4/18/2024 12:11:09 PM"
"5307578028","C123","4/18/2024 12:11:09 PM"
"5307578029","C123","4/18/2024 12:11:09 PM"
"5307578030","C123","4/18/2024 12:11:09 PM"
"5307578033","C123","4/18/2024 12:11:09 PM"
"5307578032","C123","4/18/2024 12:11:09 PM"
"5307578031","C123","4/18/2024 12:11:09 PM"
"5307578014","C123","4/18/2024 12:11:09 PM"
"5307578017","C123","4/18/2024 12:11:09 PM"
"5307578013","C123","4/18/2024 12:11:09 PM"
"5307578016","C123","4/18/2024 12:11:09 PM"
"5307578018","C123","4/18/2024 12:11:09 PM"
"5307578010","C123","4/18/2024 12:11:09 PM"
"5307578011","C123","4/18/2024 12:11:09 PM"
"5307578021","C123","4/18/2024 12:11:09 PM"
"5307578098","C123","4/18/2024 12:11:09 PM"
"5307578040","C123","4/18/2024 12:11:09 PM"
"5307578051","C123","4/18/2024 12:11:09 PM"
"5307578062","C123","4/18/2024 12:11:09 PM"
"5307578074","C123","4/18/2024 12:11:09 PM"
"5307578085","C123","4/18/2024 12:11:09 PM"
"5307578099","C123","4/18/2024 12:11:09 PM"
"5307578035","C123","4/18/2024 12:11:09 PM"
"5307578046","C123","4/18/2024 12:11:09 PM"
"5307578056","C123","4/18/2024 12:11:09 PM"
"5307578068","C123","4/18/2024 12:11:09 PM"
"5307578079","C123","4/18/2024 12:11:09 PM"
"5307578089","C123","4/18/2024 12:11:09 PM"
"5307578034","C123","4/18/2024 12:11:09 PM"
"5307578047","C123","4/18/2024 12:11:09 PM"
"5307578059","C123","4/18/2024 12:11:09 PM"
"5307578069","C123","4/18/2024 12:11:09 PM"
"5307578080","C123","4/18/2024 12:11:09 PM"
"5307578092","C123","4/18/2024 12:11:09 PM"
"5307578042","C123","4/18/2024 12:11:09 PM"
"5307578043","C123","4/18/2024 12:11:09 PM"
"5307578054","C123","4/18/2024 12:11:09 PM"
"5307578053","C123","4/18/2024 12:11:09 PM"
"5307578064","C123","4/18/2024 12:11:09 PM"
"5307578065","C123","4/18/2024 12:11:09 PM"
"5307578073","C123","4/18/2024 12:11:09 PM"
"5307578075","C123","4/18/2024 12:11:09 PM"
"5307578084","C123","4/18/2024 12:11:09 PM"
"5307578086","C123","4/18/2024 12:11:09 PM"
"5307578097","C123","4/18/2024 12:11:09 PM"
"530757808","C123","4/18/2024 12:11:07 PM"
"530757809","C123","4/18/2024 12:11:07 PM"
"530757805","C123","4/18/2024 12:11:07 PM"
"530757806","C123","4/18/2024 12:11:07 PM"
"530757802","C123","4/18/2024 12:11:07 PM"
"530757804","C123","4/18/2024 12:11:07 PM"
"530757803","C123","4/18/2024 12:11:07 PM"
"530757801","C123","4/18/2024 12:11:07 PM"
"530757800","C123","4/18/2024 12:11:07 PM"
"530757807","C123","4/18/2024 12:11:07 PM"
"6847938993","C123","4/18/2024 12:04:36 PM"
"6847938997","C123","4/18/2024 12:04:36 PM"
"6847938994","C123","4/18/2024 12:04:36 PM"
"6847938998","C123","4/18/2024 12:04:36 PM"
"6847938996","C123","4/18/2024 12:04:36 PM"
"6847938999","C123","4/18/2024 12:04:36 PM"
"6847938995","C123","4/18/2024 12:04:36 PM"
"6847938954","C123","4/18/2024 12:04:35 PM"
"6847938959","C123","4/18/2024 12:04:35 PM"
"6847938961","C123","4/18/2024 12:04:35 PM"
"6847938964","C123","4/18/2024 12:04:35 PM"
"6847938963","C123","4/18/2024 12:04:35 PM"
"6847938971","C123","4/18/2024 12:04:35 PM"
"6847938972","C123","4/18/2024 12:04:35 PM"
"6847938974","C123","4/18/2024 12:04:35 PM"
"6847938978","C123","4/18/2024 12:04:35 PM"
"6847938979","C123","4/18/2024 12:04:35 PM"
"6847938982","C123","4/18/2024 12:04:35 PM"
"6847938986","C123","4/18/2024 12:04:35 PM"
"6847938989","C123","4/18/2024 12:04:35 PM"
"6847938990","C123","4/18/2024 12:04:35 PM"
"6847938912","C123","4/18/2024 12:04:35 PM"
"6847938911","C123","4/18/2024 12:04:35 PM"
"6847938922","C123","4/18/2024 12:04:35 PM"
"6847938927","C123","4/18/2024 12:04:35 PM"
"6847938930","C123","4/18/2024 12:04:35 PM"
"6847938937","C123","4/18/2024 12:04:35 PM"
"6847938941","C123","4/18/2024 12:04:35 PM"
"6847938943","C123","4/18/2024 12:04:35 PM"
"6847938945","C123","4/18/2024 12:04:35 PM"
"6847938946","C123","4/18/2024 12:04:35 PM"
"6847938916","C123","4/18/2024 12:04:35 PM"
"6847938914","C123","4/18/2024 12:04:35 PM"
"6847938920","C123","4/18/2024 12:04:35 PM"
"6847938929","C123","4/18/2024 12:04:35 PM"
"6847938931","C123","4/18/2024 12:04:35 PM"
"6847938939","C123","4/18/2024 12:04:35 PM"
"6847938942","C123","4/18/2024 12:04:35 PM"
"6847938947","C123","4/18/2024 12:04:35 PM"
"6847938949","C123","4/18/2024 12:04:35 PM"
"6847938951","C123","4/18/2024 12:04:35 PM"
"6847938953","C123","4/18/2024 12:04:35 PM"
"6847938955","C123","4/18/2024 12:04:35 PM"
"6847938957","C123","4/18/2024 12:04:35 PM"
"6847938958","C123","4/18/2024 12:04:35 PM"
"6847938956","C123","4/18/2024 12:04:35 PM"
"6847938960","C123","4/18/2024 12:04:35 PM"
"6847938962","C123","4/18/2024 12:04:35 PM"
"6847938965","C123","4/18/2024 12:04:35 PM"
"6847938966","C123","4/18/2024 12:04:35 PM"
"6847938967","C123","4/18/2024 12:04:35 PM"
"6847938969","C123","4/18/2024 12:04:35 PM"
"6847938970","C123","4/18/2024 12:04:35 PM"
"6847938968","C123","4/18/2024 12:04:35 PM"
"6847938973","C123","4/18/2024 12:04:35 PM"
"6847938976","C123","4/18/2024 12:04:35 PM"
"6847938977","C123","4/18/2024 12:04:35 PM"
"6847938975","C123","4/18/2024 12:04:35 PM"
"6847938980","C123","4/18/2024 12:04:35 PM"
"6847938981","C123","4/18/2024 12:04:35 PM"
"6847938983","C123","4/18/2024 12:04:35 PM"
"6847938984","C123","4/18/2024 12:04:35 PM"
"6847938985","C123","4/18/2024 12:04:35 PM"
"6847938987","C123","4/18/2024 12:04:35 PM"
"6847938988","C123","4/18/2024 12:04:35 PM"
"6847938991","C123","4/18/2024 12:04:35 PM"
"6847938992","C123","4/18/2024 12:04:35 PM"
"6847938915","C123","4/18/2024 12:04:35 PM"
"6847938917","C123","4/18/2024 12:04:35 PM"
"6847938918","C123","4/18/2024 12:04:35 PM"
"6847938910","C123","4/18/2024 12:04:35 PM"
"6847938919","C123","4/18/2024 12:04:35 PM"
"6847938913","C123","4/18/2024 12:04:35 PM"
"6847938921","C123","4/18/2024 12:04:35 PM"
"6847938923","C123","4/18/2024 12:04:35 PM"
"6847938925","C123","4/18/2024 12:04:35 PM"
"6847938924","C123","4/18/2024 12:04:35 PM"
"6847938926","C123","4/18/2024 12:04:35 PM"
"6847938928","C123","4/18/2024 12:04:35 PM"
"6847938932","C123","4/18/2024 12:04:35 PM"
"6847938933","C123","4/18/2024 12:04:35 PM"
"6847938934","C123","4/18/2024 12:04:35 PM"
"6847938936","C123","4/18/2024 12:04:35 PM"
"6847938935","C123","4/18/2024 12:04:35 PM"
"6847938938","C123","4/18/2024 12:04:35 PM"
"6847938940","C123","4/18/2024 12:04:35 PM"
"6847938944","C123","4/18/2024 12:04:35 PM"
"6847938948","C123","4/18/2024 12:04:35 PM"
"6847938950","C123","4/18/2024 12:04:35 PM"
"6847938952","C123","4/18/2024 12:04:35 PM"
"684793894","C123","4/18/2024 12:04:33 PM"
"684793893","C123","4/18/2024 12:04:33 PM"
"684793892","C123","4/18/2024 12:04:33 PM"
"684793897","C123","4/18/2024 12:04:33 PM"
"684793890","C123","4/18/2024 12:04:33 PM"
"684793899","C123","4/18/2024 12:04:33 PM"
"684793891","C123","4/18/2024 12:04:33 PM"
"684793896","C123","4/18/2024 12:04:33 PM"
"684793898","C123","4/18/2024 12:04:33 PM"
"684793895","C123","4/18/2024 12:04:33 PM"
"8822467992","C123","4/17/2024 8:32:30 PM"
"8822467993","C123","4/17/2024 8:32:30 PM"
"8822467923","C123","4/17/2024 8:32:30 PM"
"8822467929","C123","4/17/2024 8:32:30 PM"
"8822467926","C123","4/17/2024 8:32:30 PM"
"8822467930","C123","4/17/2024 8:32:30 PM"
"8822467932","C123","4/17/2024 8:32:30 PM"
"8822467933","C123","4/17/2024 8:32:30 PM"
"8822467935","C123","4/17/2024 8:32:30 PM"
"8822467938","C123","4/17/2024 8:32:30 PM"
"8822467941","C123","4/17/2024 8:32:30 PM"
"8822467947","C123","4/17/2024 8:32:30 PM"
"8822467945","C123","4/17/2024 8:32:30 PM"
"8822467948","C123","4/17/2024 8:32:30 PM"
"8822467954","C123","4/17/2024 8:32:30 PM"
"8822467952","C123","4/17/2024 8:32:30 PM"
"8822467958","C123","4/17/2024 8:32:30 PM"
"8822467960","C123","4/17/2024 8:32:30 PM"
"8822467961","C123","4/17/2024 8:32:30 PM"
"8822467964","C123","4/17/2024 8:32:30 PM"
"8822467967","C123","4/17/2024 8:32:30 PM"
"8822467968","C123","4/17/2024 8:32:30 PM"
"8822467972","C123","4/17/2024 8:32:30 PM"
"8822467974","C123","4/17/2024 8:32:30 PM"
"8822467975","C123","4/17/2024 8:32:30 PM"
"8822467987","C123","4/17/2024 8:32:30 PM"
"8822467983","C123","4/17/2024 8:32:30 PM"
"8822467986","C123","4/17/2024 8:32:30 PM"
"8822467981","C123","4/17/2024 8:32:30 PM"
"8822467990","C123","4/17/2024 8:32:30 PM"
"8822467985","C123","4/17/2024 8:32:30 PM"
"8822467989","C123","4/17/2024 8:32:30 PM"
"8822467997","C123","4/17/2024 8:32:30 PM"
"8822467996","C123","4/17/2024 8:32:30 PM"
"8822467920","C123","4/17/2024 8:32:30 PM"
"8822467925","C123","4/17/2024 8:32:30 PM"
"8822467931","C123","4/17/2024 8:32:30 PM"
"8822467936","C123","4/17/2024 8:32:30 PM"
"8822467942","C123","4/17/2024 8:32:30 PM"
"8822467946","C123","4/17/2024 8:32:30 PM"
"8822467949","C123","4/17/2024 8:32:30 PM"
"8822467956","C123","4/17/2024 8:32:30 PM"
"8822467963","C123","4/17/2024 8:32:30 PM"
"8822467969","C123","4/17/2024 8:32:30 PM"
"8822467970","C123","4/17/2024 8:32:30 PM"
"8822467979","C123","4/17/2024 8:32:30 PM"
"8822467982","C123","4/17/2024 8:32:30 PM"
"8822467922","C123","4/17/2024 8:32:30 PM"
"8822467921","C123","4/17/2024 8:32:30 PM"
"8822467928","C123","4/17/2024 8:32:30 PM"
"8822467937","C123","4/17/2024 8:32:30 PM"
"8822467940","C123","4/17/2024 8:32:30 PM"
"8822467944","C123","4/17/2024 8:32:30 PM"
"8822467950","C123","4/17/2024 8:32:30 PM"
"8822467955","C123","4/17/2024 8:32:30 PM"
"8822467966","C123","4/17/2024 8:32:30 PM"
"8822467965","C123","4/17/2024 8:32:30 PM"
"8822467973","C123","4/17/2024 8:32:30 PM"
"8822467976","C123","4/17/2024 8:32:30 PM"
"8822467978","C123","4/17/2024 8:32:30 PM"
"8822467988","C123","4/17/2024 8:32:30 PM"
"8822467995","C123","4/17/2024 8:32:30 PM"
"8822467951","C123","4/17/2024 8:32:30 PM"
"8822467957","C123","4/17/2024 8:32:30 PM"
"8822467953","C123","4/17/2024 8:32:30 PM"
"8822467959","C123","4/17/2024 8:32:30 PM"
"8822467962","C123","4/17/2024 8:32:30 PM"
"8822467971","C123","4/17/2024 8:32:30 PM"
"8822467977","C123","4/17/2024 8:32:30 PM"
"8822467984","C123","4/17/2024 8:32:30 PM"
"8822467980","C123","4/17/2024 8:32:30 PM"
"8822467991","C123","4/17/2024 8:32:30 PM"
"8822467994","C123","4/17/2024 8:32:30 PM"
"8822467999","C123","4/17/2024 8:32:30 PM"
"8822467998","C123","4/17/2024 8:32:30 PM"
"8822467927","C123","4/17/2024 8:32:30 PM"
"8822467924","C123","4/17/2024 8:32:30 PM"
"8822467934","C123","4/17/2024 8:32:30 PM"
"8822467939","C123","4/17/2024 8:32:30 PM"
"8822467943","C123","4/17/2024 8:32:30 PM"
"882246796","C123","4/17/2024 8:32:29 PM"
"8822467913","C123","4/17/2024 8:32:29 PM"
"8822467910","C123","4/17/2024 8:32:29 PM"
"8822467916","C123","4/17/2024 8:32:29 PM"
"882246791","C123","4/17/2024 8:32:29 PM"
"8822467918","C123","4/17/2024 8:32:29 PM"
"8822467915","C123","4/17/2024 8:32:29 PM"
"882246795","C123","4/17/2024 8:32:29 PM"
"882246799","C123","4/17/2024 8:32:29 PM"
"8822467911","C123","4/17/2024 8:32:29 PM"
"8822467919","C123","4/17/2024 8:32:29 PM"
"882246792","C123","4/17/2024 8:32:29 PM"
"882246794","C123","4/17/2024 8:32:29 PM"
"882246798","C123","4/17/2024 8:32:29 PM"
"8822467914","C123","4/17/2024 8:32:29 PM"
"8822467917","C123","4/17/2024 8:32:29 PM"
"8822467912","C123","4/17/2024 8:32:29 PM"
"882246793","C123","4/17/2024 8:32:29 PM"
"882246790","C123","4/17/2024 8:32:29 PM"
"882246797","C123","4/17/2024 8:32:29 PM"
"1509613040","C123","4/17/2024 8:29:20 PM"
"1509613096","C123","4/17/2024 8:29:20 PM"
"1509613048","C123","4/17/2024 8:29:20 PM"
"1509613052","C123","4/17/2024 8:29:20 PM"
"1509613055","C123","4/17/2024 8:29:20 PM"
"1509613057","C123","4/17/2024 8:29:20 PM"
"1509613062","C123","4/17/2024 8:29:20 PM"
"1509613065","C123","4/17/2024 8:29:20 PM"
"1509613070","C123","4/17/2024 8:29:20 PM"
"1509613072","C123","4/17/2024 8:29:20 PM"
"1509613076","C123","4/17/2024 8:29:20 PM"
"1509613080","C123","4/17/2024 8:29:20 PM"
"1509613083","C123","4/17/2024 8:29:20 PM"
"1509613088","C123","4/17/2024 8:29:20 PM"
"1509613091","C123","4/17/2024 8:29:20 PM"
"1509613098","C123","4/17/2024 8:29:20 PM"
"1509613099","C123","4/17/2024 8:29:20 PM"
"1509613087","C123","4/17/2024 8:29:20 PM"
"1509613094","C123","4/17/2024 8:29:20 PM"
"1509613043","C123","4/17/2024 8:29:20 PM"
"1509613051","C123","4/17/2024 8:29:20 PM"
"1509613059","C123","4/17/2024 8:29:20 PM"
"1509613061","C123","4/17/2024 8:29:20 PM"
"1509613067","C123","4/17/2024 8:29:20 PM"
"1509613079","C123","4/17/2024 8:29:20 PM"
"1509613039","C123","4/17/2024 8:29:20 PM"
"1509613047","C123","4/17/2024 8:29:20 PM"
"1509613054","C123","4/17/2024 8:29:20 PM"
"1509613060","C123","4/17/2024 8:29:20 PM"
"1509613078","C123","4/17/2024 8:29:20 PM"
"1509613084","C123","4/17/2024 8:29:20 PM"
"1509613082","C123","4/17/2024 8:29:20 PM"
"1509613090","C123","4/17/2024 8:29:20 PM"
"1509613037","C123","4/17/2024 8:29:20 PM"
"1509613042","C123","4/17/2024 8:29:20 PM"
"1509613044","C123","4/17/2024 8:29:20 PM"
"1509613046","C123","4/17/2024 8:29:20 PM"
"1509613049","C123","4/17/2024 8:29:20 PM"
"1509613053","C123","4/17/2024 8:29:20 PM"
"1509613056","C123","4/17/2024 8:29:20 PM"
"1509613066","C123","4/17/2024 8:29:20 PM"
"1509613064","C123","4/17/2024 8:29:20 PM"
"1509613073","C123","4/17/2024 8:29:20 PM"
"1509613068","C123","4/17/2024 8:29:20 PM"
"1509613081","C123","4/17/2024 8:29:20 PM"
"1509613077","C123","4/17/2024 8:29:20 PM"
"1509613086","C123","4/17/2024 8:29:20 PM"
"1509613089","C123","4/17/2024 8:29:20 PM"
"1509613097","C123","4/17/2024 8:29:20 PM"
"1509613093","C123","4/17/2024 8:29:20 PM"
"1509613038","C123","4/17/2024 8:29:20 PM"
"1509613041","C123","4/17/2024 8:29:20 PM"
"1509613050","C123","4/17/2024 8:29:20 PM"
"1509613058","C123","4/17/2024 8:29:20 PM"
"1509613063","C123","4/17/2024 8:29:20 PM"
"1509613071","C123","4/17/2024 8:29:20 PM"
"1509613069","C123","4/17/2024 8:29:20 PM"
"1509613074","C123","4/17/2024 8:29:20 PM"
"1509613075","C123","4/17/2024 8:29:20 PM"
"1509613085","C123","4/17/2024 8:29:20 PM"
"1509613095","C123","4/17/2024 8:29:20 PM"
"1509613092","C123","4/17/2024 8:29:20 PM"
"1509613045","C123","4/17/2024 8:29:20 PM"
"1509613034","C123","4/17/2024 8:29:19 PM"
"1509613036","C123","4/17/2024 8:29:19 PM"
"1509613015","C123","4/17/2024 8:29:19 PM"
"1509613020","C123","4/17/2024 8:29:19 PM"
"1509613026","C123","4/17/2024 8:29:19 PM"
"1509613028","C123","4/17/2024 8:29:19 PM"
"1509613035","C123","4/17/2024 8:29:19 PM"
"1509613017","C123","4/17/2024 8:29:19 PM"
"1509613027","C123","4/17/2024 8:29:19 PM"
"1509613033","C123","4/17/2024 8:29:19 PM"
"1509613014","C123","4/17/2024 8:29:19 PM"
"1509613019","C123","4/17/2024 8:29:19 PM"
"1509613021","C123","4/17/2024 8:29:19 PM"
"1509613025","C123","4/17/2024 8:29:19 PM"
"1509613024","C123","4/17/2024 8:29:19 PM"
"1509613030","C123","4/17/2024 8:29:19 PM"
"1509613032","C123","4/17/2024 8:29:19 PM"
"1509613013","C123","4/17/2024 8:29:19 PM"
"1509613016","C123","4/17/2024 8:29:19 PM"
"1509613023","C123","4/17/2024 8:29:19 PM"
"1509613031","C123","4/17/2024 8:29:19 PM"
"1509613018","C123","4/17/2024 8:29:19 PM"
"1509613022","C123","4/17/2024 8:29:19 PM"
"1509613029","C123","4/17/2024 8:29:19 PM"
"150961300","C123","4/17/2024 8:29:17 PM"
"150961307","C123","4/17/2024 8:29:17 PM"
"1509613012","C123","4/17/2024 8:29:17 PM"
"150961303","C123","4/17/2024 8:29:17 PM"
"1509613011","C123","4/17/2024 8:29:17 PM"
"150961304","C123","4/17/2024 8:29:17 PM"
"150961308","C123","4/17/2024 8:29:17 PM"
"150961309","C123","4/17/2024 8:29:17 PM"
"150961301","C123","4/17/2024 8:29:17 PM"
"1509613010","C123","4/17/2024 8:29:17 PM"
"150961305","C123","4/17/2024 8:29:17 PM"
"150961302","C123","4/17/2024 8:29:17 PM"
"150961306","C123","4/17/2024 8:29:17 PM"
"3657525841","C123","4/17/2024 7:57:31 PM"
"3657525856","C123","4/17/2024 7:57:31 PM"
"3657525857","C123","4/17/2024 7:57:31 PM"
"3657525859","C123","4/17/2024 7:57:31 PM"
"3657525851","C123","4/17/2024 7:57:31 PM"
"3657525866","C123","4/17/2024 7:57:31 PM"
"3657525876","C123","4/17/2024 7:57:31 PM"
"3657525875","C123","4/17/2024 7:57:31 PM"
"3657525879","C123","4/17/2024 7:57:31 PM"
"3657525881","C123","4/17/2024 7:57:31 PM"
"3657525883","C123","4/17/2024 7:57:31 PM"
"365752582","C123","4/17/2024 7:57:31 PM"
"365752586","C123","4/17/2024 7:57:31 PM"
"365752587","C123","4/17/2024 7:57:31 PM"
"3657525811","C123","4/17/2024 7:57:31 PM"
"3657525820","C123","4/17/2024 7:57:31 PM"
"3657525821","C123","4/17/2024 7:57:31 PM"
"3657525848","C123","4/17/2024 7:57:31 PM"
"3657525838","C123","4/17/2024 7:57:31 PM"
"3657525845","C123","4/17/2024 7:57:31 PM"
"3657525840","C123","4/17/2024 7:57:31 PM"
"3657525852","C123","4/17/2024 7:57:31 PM"
"3657525849","C123","4/17/2024 7:57:31 PM"
"3657525869","C123","4/17/2024 7:57:31 PM"
"3657525865","C123","4/17/2024 7:57:31 PM"
"3657525882","C123","4/17/2024 7:57:31 PM"
"3657525877","C123","4/17/2024 7:57:31 PM"
"3657525886","C123","4/17/2024 7:57:31 PM"
"3657525885","C123","4/17/2024 7:57:31 PM"
"3657525890","C123","4/17/2024 7:57:31 PM"
"3657525899","C123","4/17/2024 7:57:31 PM"
"3657525884","C123","4/17/2024 7:57:31 PM"
"3657525888","C123","4/17/2024 7:57:31 PM"
"3657525894","C123","4/17/2024 7:57:31 PM"
"3657525893","C123","4/17/2024 7:57:31 PM"
"3657525896","C123","4/17/2024 7:57:31 PM"
"365752588","C123","4/17/2024 7:57:31 PM"
"3657525818","C123","4/17/2024 7:57:31 PM"
"3657525823","C123","4/17/2024 7:57:31 PM"
"3657525829","C123","4/17/2024 7:57:31 PM"
"3657525828","C123","4/17/2024 7:57:31 PM"
"3657525824","C123","4/17/2024 7:57:31 PM"
"3657525832","C123","4/17/2024 7:57:31 PM"
"3657525835","C123","4/17/2024 7:57:31 PM"
"3657525854","C123","4/17/2024 7:57:31 PM"
"3657525853","C123","4/17/2024 7:57:31 PM"
"3657525862","C123","4/17/2024 7:57:31 PM"
"3657525864","C123","4/17/2024 7:57:31 PM"
"3657525846","C123","4/17/2024 7:57:31 PM"
"3657525871","C123","4/17/2024 7:57:31 PM"
"3657525867","C123","4/17/2024 7:57:31 PM"
"3657525874","C123","4/17/2024 7:57:31 PM"
"3657525892","C123","4/17/2024 7:57:31 PM"
"3657525897","C123","4/17/2024 7:57:31 PM"
"365752581","C123","4/17/2024 7:57:31 PM"
"3657525819","C123","4/17/2024 7:57:31 PM"
"3657525822","C123","4/17/2024 7:57:31 PM"
"3657525817","C123","4/17/2024 7:57:31 PM"
"3657525827","C123","4/17/2024 7:57:31 PM"
"3657525830","C123","4/17/2024 7:57:31 PM"
"3657525844","C123","4/17/2024 7:57:31 PM"
"3657525855","C123","4/17/2024 7:57:31 PM"
"3657525863","C123","4/17/2024 7:57:31 PM"
"3657525868","C123","4/17/2024 7:57:31 PM"
"3657525870","C123","4/17/2024 7:57:31 PM"
"3657525861","C123","4/17/2024 7:57:31 PM"
"3657525878","C123","4/17/2024 7:57:31 PM"
"3657525895","C123","4/17/2024 7:57:31 PM"
"3657525889","C123","4/17/2024 7:57:31 PM"
"3657525810","C123","4/17/2024 7:57:31 PM"
"3657525814","C123","4/17/2024 7:57:31 PM"
"3657525815","C123","4/17/2024 7:57:31 PM"
"3657525825","C123","4/17/2024 7:57:31 PM"
"3657525833","C123","4/17/2024 7:57:31 PM"
"3657525842","C123","4/17/2024 7:57:31 PM"
"3657525850","C123","4/17/2024 7:57:31 PM"
"3657525858","C123","4/17/2024 7:57:31 PM"
"3657525860","C123","4/17/2024 7:57:31 PM"
"3657525872","C123","4/17/2024 7:57:31 PM"
"3657525873","C123","4/17/2024 7:57:31 PM"
"3657525880","C123","4/17/2024 7:57:31 PM"
"3657525887","C123","4/17/2024 7:57:31 PM"
"3657525891","C123","4/17/2024 7:57:31 PM"
"3657525898","C123","4/17/2024 7:57:31 PM"
"365752580","C123","4/17/2024 7:57:31 PM"
"365752583","C123","4/17/2024 7:57:31 PM"
"365752584","C123","4/17/2024 7:57:31 PM"
"365752585","C123","4/17/2024 7:57:31 PM"
"365752589","C123","4/17/2024 7:57:31 PM"
"3657525816","C123","4/17/2024 7:57:31 PM"
"3657525812","C123","4/17/2024 7:57:31 PM"
"3657525813","C123","4/17/2024 7:57:31 PM"
"3657525826","C123","4/17/2024 7:57:31 PM"
"3657525834","C123","4/17/2024 7:57:31 PM"
"3657525831","C123","4/17/2024 7:57:31 PM"
"3657525847","C123","4/17/2024 7:57:31 PM"
"3657525843","C123","4/17/2024 7:57:31 PM"
"3657525836","C123","4/17/2024 7:57:31 PM"
"3657525839","C123","4/17/2024 7:57:31 PM"
"3657525837","C123","4/17/2024 7:57:31 PM"
"8724957223","C123","4/17/2024 7:41:31 PM"
"8724957285","C123","4/17/2024 7:41:31 PM"
"8724957293","C123","4/17/2024 7:41:31 PM"
"8724957296","C123","4/17/2024 7:41:31 PM"
"8724957228","C123","4/17/2024 7:41:31 PM"
"8724957235","C123","4/17/2024 7:41:31 PM"
"8724957280","C123","4/17/2024 7:41:31 PM"
"8724957297","C123","4/17/2024 7:41:31 PM"
"872495727","C123","4/17/2024 7:41:31 PM"
"8724957250","C123","4/17/2024 7:41:31 PM"
"8724957236","C123","4/17/2024 7:41:31 PM"
"8724957230","C123","4/17/2024 7:41:31 PM"
"872495721","C123","4/17/2024 7:41:31 PM"
"8724957272","C123","4/17/2024 7:41:31 PM"
"8724957212","C123","4/17/2024 7:41:31 PM"
"8724957215","C123","4/17/2024 7:41:31 PM"
"8724957264","C123","4/17/2024 7:41:31 PM"
"8724957232","C123","4/17/2024 7:41:31 PM"
"8724957246","C123","4/17/2024 7:41:31 PM"
"8724957289","C123","4/17/2024 7:41:31 PM"
"8724957277","C123","4/17/2024 7:41:31 PM"
"8724957282","C123","4/17/2024 7:41:31 PM"
"8724957257","C123","4/17/2024 7:41:31 PM"
"8724957291","C123","4/17/2024 7:41:31 PM"
"8724957298","C123","4/17/2024 7:41:31 PM"
"872495723","C123","4/17/2024 7:41:31 PM"
"8724957210","C123","4/17/2024 7:41:31 PM"
"8724957213","C123","4/17/2024 7:41:31 PM"
"8724957217","C123","4/17/2024 7:41:31 PM"
"8724957295","C123","4/17/2024 7:41:31 PM"
"8724957239","C123","4/17/2024 7:41:31 PM"
"8724957283","C123","4/17/2024 7:41:31 PM"
"8724957237","C123","4/17/2024 7:41:31 PM"
"8724957245","C123","4/17/2024 7:41:31 PM"
"8724957271","C123","4/17/2024 7:41:31 PM"
"8724957229","C123","4/17/2024 7:41:31 PM"
"8724957240","C123","4/17/2024 7:41:31 PM"
"8724957224","C123","4/17/2024 7:41:31 PM"
"8724957242","C123","4/17/2024 7:41:31 PM"
"8724957276","C123","4/17/2024 7:41:31 PM"
"8724957221","C123","4/17/2024 7:41:31 PM"
"8724957256","C123","4/17/2024 7:41:31 PM"
"8724957263","C123","4/17/2024 7:41:31 PM"
"8724957279","C123","4/17/2024 7:41:31 PM"
"8724957286","C123","4/17/2024 7:41:31 PM"
"8724957275","C123","4/17/2024 7:41:31 PM"
"8724957290","C123","4/17/2024 7:41:31 PM"
"872495722","C123","4/17/2024 7:41:31 PM"
"872495720","C123","4/17/2024 7:41:31 PM"
"872495725","C123","4/17/2024 7:41:31 PM"
"872495728","C123","4/17/2024 7:41:31 PM"
"872495726","C123","4/17/2024 7:41:31 PM"
"8724957211","C123","4/17/2024 7:41:31 PM"
"8724957259","C123","4/17/2024 7:41:31 PM"
"8724957231","C123","4/17/2024 7:41:31 PM"
"8724957227","C123","4/17/2024 7:41:31 PM"
"8724957219","C123","4/17/2024 7:41:31 PM"
"8724957214","C123","4/17/2024 7:41:31 PM"
"8724957251","C123","4/17/2024 7:41:31 PM"
"8724957225","C123","4/17/2024 7:41:31 PM"
"8724957216","C123","4/17/2024 7:41:31 PM"
"8724957243","C123","4/17/2024 7:41:31 PM"
"8724957252","C123","4/17/2024 7:41:31 PM"
"8724957226","C123","4/17/2024 7:41:31 PM"
"8724957261","C123","4/17/2024 7:41:31 PM"
"8724957248","C123","4/17/2024 7:41:31 PM"
"8724957266","C123","4/17/2024 7:41:31 PM"
"8724957244","C123","4/17/2024 7:41:31 PM"
"8724957269","C123","4/17/2024 7:41:31 PM"
"8724957270","C123","4/17/2024 7:41:31 PM"
"8724957258","C123","4/17/2024 7:41:31 PM"
"8724957260","C123","4/17/2024 7:41:31 PM"
"8724957268","C123","4/17/2024 7:41:31 PM"
"8724957294","C123","4/17/2024 7:41:31 PM"
"8724957262","C123","4/17/2024 7:41:31 PM"
"8724957255","C123","4/17/2024 7:41:31 PM"
"8724957274","C123","4/17/2024 7:41:31 PM"
"8724957238","C123","4/17/2024 7:41:31 PM"
"8724957267","C123","4/17/2024 7:41:31 PM"
"8724957273","C123","4/17/2024 7:41:31 PM"
"872495724","C123","4/17/2024 7:41:31 PM"
"872495729","C123","4/17/2024 7:41:31 PM"
"8724957220","C123","4/17/2024 7:41:31 PM"
"8724957218","C123","4/17/2024 7:41:31 PM"
"8724957281","C123","4/17/2024 7:41:31 PM"
"8724957222","C123","4/17/2024 7:41:31 PM"
"8724957233","C123","4/17/2024 7:41:31 PM"
"8724957299","C123","4/17/2024 7:41:31 PM"
"8724957249","C123","4/17/2024 7:41:31 PM"
"8724957234","C123","4/17/2024 7:41:31 PM"
"8724957278","C123","4/17/2024 7:41:31 PM"
"8724957284","C123","4/17/2024 7:41:31 PM"
"8724957265","C123","4/17/2024 7:41:31 PM"
"8724957254","C123","4/17/2024 7:41:31 PM"
"8724957247","C123","4/17/2024 7:41:31 PM"
"8724957253","C123","4/17/2024 7:41:31 PM"
"8724957292","C123","4/17/2024 7:41:31 PM"
"8724957241","C123","4/17/2024 7:41:31 PM"
"8724957287","C123","4/17/2024 7:41:31 PM"
"8724957288","C123","4/17/2024 7:41:31 PM"
"592909469","C123","4/17/2024 7:37:53 PM"
"592909462","C123","4/17/2024 7:37:53 PM"
"5929094618","C123","4/17/2024 7:37:53 PM"
"5929094633","C123","4/17/2024 7:37:53 PM"
"5929094642","C123","4/17/2024 7:37:53 PM"
"5929094636","C123","4/17/2024 7:37:53 PM"
"5929094648","C123","4/17/2024 7:37:53 PM"
"5929094663","C123","4/17/2024 7:37:53 PM"
"5929094661","C123","4/17/2024 7:37:53 PM"
"5929094685","C123","4/17/2024 7:37:53 PM"
"5929094682","C123","4/17/2024 7:37:53 PM"
"5929094689","C123","4/17/2024 7:37:53 PM"
"5929094697","C123","4/17/2024 7:37:53 PM"
"5929094671","C123","4/17/2024 7:37:53 PM"
"5929094673","C123","4/17/2024 7:37:53 PM"
"5929094694","C123","4/17/2024 7:37:53 PM"
"5929094672","C123","4/17/2024 7:37:53 PM"
"592909464","C123","4/17/2024 7:37:53 PM"
"5929094623","C123","4/17/2024 7:37:53 PM"
"5929094615","C123","4/17/2024 7:37:53 PM"
"5929094612","C123","4/17/2024 7:37:53 PM"
"5929094625","C123","4/17/2024 7:37:53 PM"
"5929094631","C123","4/17/2024 7:37:53 PM"
"5929094646","C123","4/17/2024 7:37:53 PM"
"5929094647","C123","4/17/2024 7:37:53 PM"
"5929094650","C123","4/17/2024 7:37:53 PM"
"5929094655","C123","4/17/2024 7:37:53 PM"
"5929094659","C123","4/17/2024 7:37:53 PM"
"5929094660","C123","4/17/2024 7:37:53 PM"
"5929094678","C123","4/17/2024 7:37:53 PM"
"5929094680","C123","4/17/2024 7:37:53 PM"
"5929094688","C123","4/17/2024 7:37:53 PM"
"5929094677","C123","4/17/2024 7:37:53 PM"
"5929094675","C123","4/17/2024 7:37:53 PM"
"5929094693","C123","4/17/2024 7:37:53 PM"
"5929094696","C123","4/17/2024 7:37:53 PM"
"592909467","C123","4/17/2024 7:37:53 PM"
"592909466","C123","4/17/2024 7:37:53 PM"
"5929094614","C123","4/17/2024 7:37:53 PM"
"5929094613","C123","4/17/2024 7:37:53 PM"
"5929094624","C123","4/17/2024 7:37:53 PM"
"5929094630","C123","4/17/2024 7:37:53 PM"
"5929094620","C123","4/17/2024 7:37:53 PM"
"5929094652","C123","4/17/2024 7:37:53 PM"
"5929094645","C123","4/17/2024 7:37:53 PM"
"5929094644","C123","4/17/2024 7:37:53 PM"
"5929094635","C123","4/17/2024 7:37:53 PM"
"5929094634","C123","4/17/2024 7:37:53 PM"
"5929094653","C123","4/17/2024 7:37:53 PM"
"5929094658","C123","4/17/2024 7:37:53 PM"
"5929094656","C123","4/17/2024 7:37:53 PM"
"5929094687","C123","4/17/2024 7:37:53 PM"
"5929094670","C123","4/17/2024 7:37:53 PM"
"5929094686","C123","4/17/2024 7:37:53 PM"
"592909463","C123","4/17/2024 7:37:53 PM"
"592909460","C123","4/17/2024 7:37:53 PM"
"592909461","C123","4/17/2024 7:37:53 PM"
"592909468","C123","4/17/2024 7:37:53 PM"
"5929094639","C123","4/17/2024 7:37:53 PM"
"5929094649","C123","4/17/2024 7:37:53 PM"
"5929094643","C123","4/17/2024 7:37:53 PM"
"5929094637","C123","4/17/2024 7:37:53 PM"
"5929094654","C123","4/17/2024 7:37:53 PM"
"5929094626","C123","4/17/2024 7:37:53 PM"
"5929094691","C123","4/17/2024 7:37:53 PM"
"5929094668","C123","4/17/2024 7:37:53 PM"
"5929094681","C123","4/17/2024 7:37:53 PM"
"5929094692","C123","4/17/2024 7:37:53 PM"
"5929094676","C123","4/17/2024 7:37:53 PM"
"5929094679","C123","4/17/2024 7:37:53 PM"
"5929094699","C123","4/17/2024 7:37:53 PM"
"5929094698","C123","4/17/2024 7:37:53 PM"
"5929094690","C123","4/17/2024 7:37:53 PM"
"5929094695","C123","4/17/2024 7:37:53 PM"
"5929094611","C123","4/17/2024 7:37:53 PM"
"5929094621","C123","4/17/2024 7:37:53 PM"
"5929094617","C123","4/17/2024 7:37:53 PM"
"5929094619","C123","4/17/2024 7:37:53 PM"
"5929094616","C123","4/17/2024 7:37:53 PM"
"5929094610","C123","4/17/2024 7:37:53 PM"
"5929094622","C123","4/17/2024 7:37:53 PM"
"5929094629","C123","4/17/2024 7:37:53 PM"
"5929094628","C123","4/17/2024 7:37:53 PM"
"5929094632","C123","4/17/2024 7:37:53 PM"
"5929094627","C123","4/17/2024 7:37:53 PM"
"5929094641","C123","4/17/2024 7:37:53 PM"
"5929094638","C123","4/17/2024 7:37:53 PM"
"5929094651","C123","4/17/2024 7:37:53 PM"
"5929094640","C123","4/17/2024 7:37:53 PM"
"5929094657","C123","4/17/2024 7:37:53 PM"
"5929094666","C123","4/17/2024 7:37:53 PM"
"5929094662","C123","4/17/2024 7:37:53 PM"
"5929094665","C123","4/17/2024 7:37:53 PM"
"5929094664","C123","4/17/2024 7:37:53 PM"
"5929094669","C123","4/17/2024 7:37:53 PM"
"5929094667","C123","4/17/2024 7:37:53 PM"
"5929094674","C123","4/17/2024 7:37:53 PM"
"5929094684","C123","4/17/2024 7:37:53 PM"
"5929094683","C123","4/17/2024 7:37:53 PM"
"592909465","C123","4/17/2024 7:37:53 PM"
"2959390555","C123","4/17/2024 6:50:09 PM"
"2959390594","C123","4/17/2024 6:50:09 PM"
"2959390599","C123","4/17/2024 6:50:09 PM"
"2959390590","C123","4/17/2024 6:50:09 PM"
"2959390537","C123","4/17/2024 6:50:09 PM"
"2959390532","C123","4/17/2024 6:50:09 PM"
"295939053","C123","4/17/2024 6:50:09 PM"
"2959390533","C123","4/17/2024 6:50:09 PM"
"2959390510","C123","4/17/2024 6:50:09 PM"
"295939056","C123","4/17/2024 6:50:09 PM"
"2959390520","C123","4/17/2024 6:50:09 PM"
"2959390551","C123","4/17/2024 6:50:09 PM"
"2959390541","C123","4/17/2024 6:50:09 PM"
"2959390512","C123","4/17/2024 6:50:09 PM"
"2959390542","C123","4/17/2024 6:50:09 PM"
"2959390561","C123","4/17/2024 6:50:09 PM"
"2959390569","C123","4/17/2024 6:50:09 PM"
"2959390562","C123","4/17/2024 6:50:09 PM"
"2959390565","C123","4/17/2024 6:50:09 PM"
"2959390575","C123","4/17/2024 6:50:09 PM"
"2959390582","C123","4/17/2024 6:50:09 PM"
"2959390513","C123","4/17/2024 6:50:09 PM"
"295939057","C123","4/17/2024 6:50:09 PM"
"295939050","C123","4/17/2024 6:50:09 PM"
"2959390526","C123","4/17/2024 6:50:09 PM"
"2959390515","C123","4/17/2024 6:50:09 PM"
"2959390535","C123","4/17/2024 6:50:09 PM"
"295939052","C123","4/17/2024 6:50:09 PM"
"2959390525","C123","4/17/2024 6:50:09 PM"
"295939055","C123","4/17/2024 6:50:09 PM"
"2959390530","C123","4/17/2024 6:50:09 PM"
"2959390531","C123","4/17/2024 6:50:09 PM"
"2959390516","C123","4/17/2024 6:50:09 PM"
"2959390548","C123","4/17/2024 6:50:09 PM"
"2959390523","C123","4/17/2024 6:50:09 PM"
"2959390570","C123","4/17/2024 6:50:09 PM"
"2959390574","C123","4/17/2024 6:50:09 PM"
"2959390568","C123","4/17/2024 6:50:09 PM"
"2959390581","C123","4/17/2024 6:50:09 PM"
"2959390579","C123","4/17/2024 6:50:09 PM"
"2959390585","C123","4/17/2024 6:50:09 PM"
"2959390583","C123","4/17/2024 6:50:09 PM"
"2959390589","C123","4/17/2024 6:50:09 PM"
"2959390598","C123","4/17/2024 6:50:09 PM"
"2959390591","C123","4/17/2024 6:50:09 PM"
"2959390595","C123","4/17/2024 6:50:09 PM"
"2959390534","C123","4/17/2024 6:50:09 PM"
"2959390521","C123","4/17/2024 6:50:09 PM"
"2959390536","C123","4/17/2024 6:50:09 PM"
"295939058","C123","4/17/2024 6:50:09 PM"
"2959390514","C123","4/17/2024 6:50:09 PM"
"2959390540","C123","4/17/2024 6:50:09 PM"
"2959390519","C123","4/17/2024 6:50:09 PM"
"2959390545","C123","4/17/2024 6:50:09 PM"
"2959390559","C123","4/17/2024 6:50:09 PM"
"2959390529","C123","4/17/2024 6:50:09 PM"
"2959390527","C123","4/17/2024 6:50:09 PM"
"2959390528","C123","4/17/2024 6:50:09 PM"
"295939059","C123","4/17/2024 6:50:09 PM"
"295939054","C123","4/17/2024 6:50:09 PM"
"2959390539","C123","4/17/2024 6:50:09 PM"
"2959390543","C123","4/17/2024 6:50:09 PM"
"2959390560","C123","4/17/2024 6:50:09 PM"
"2959390550","C123","4/17/2024 6:50:09 PM"
"2959390544","C123","4/17/2024 6:50:09 PM"
"2959390511","C123","4/17/2024 6:50:09 PM"
"2959390547","C123","4/17/2024 6:50:09 PM"
"2959390563","C123","4/17/2024 6:50:09 PM"
"2959390564","C123","4/17/2024 6:50:09 PM"
"2959390556","C123","4/17/2024 6:50:09 PM"
"2959390566","C123","4/17/2024 6:50:09 PM"
"2959390576","C123","4/17/2024 6:50:09 PM"
"2959390573","C123","4/17/2024 6:50:09 PM"
"2959390586","C123","4/17/2024 6:50:09 PM"
"2959390567","C123","4/17/2024 6:50:09 PM"
"2959390571","C123","4/17/2024 6:50:09 PM"
"2959390580","C123","4/17/2024 6:50:09 PM"
"2959390584","C123","4/17/2024 6:50:09 PM"
"2959390577","C123","4/17/2024 6:50:09 PM"
"2959390593","C123","4/17/2024 6:50:09 PM"
"2959390592","C123","4/17/2024 6:50:09 PM"
"2959390596","C123","4/17/2024 6:50:09 PM"
"2959390587","C123","4/17/2024 6:50:09 PM"
"2959390538","C123","4/17/2024 6:50:09 PM"
"2959390518","C123","4/17/2024 6:50:09 PM"
"2959390524","C123","4/17/2024 6:50:09 PM"
"2959390546","C123","4/17/2024 6:50:09 PM"
"2959390517","C123","4/17/2024 6:50:09 PM"
"2959390552","C123","4/17/2024 6:50:09 PM"
"2959390553","C123","4/17/2024 6:50:09 PM"
"2959390554","C123","4/17/2024 6:50:09 PM"
"2959390557","C123","4/17/2024 6:50:09 PM"
"2959390588","C123","4/17/2024 6:50:09 PM"
"2959390597","C123","4/17/2024 6:50:09 PM"
"295939051","C123","4/17/2024 6:50:09 PM"
"2959390522","C123","4/17/2024 6:50:09 PM"
"2959390549","C123","4/17/2024 6:50:09 PM"
"2959390572","C123","4/17/2024 6:50:09 PM"
"2959390558","C123","4/17/2024 6:50:09 PM"
"2959390578","C123","4/17/2024 6:50:09 PM"
"148989898965","C123","4/17/2024 6:46:27 PM"
"148989898977","C123","4/17/2024 6:46:27 PM"
"148989898976","C123","4/17/2024 6:46:27 PM"
"148989898975","C123","4/17/2024 6:46:27 PM"
"148989898981","C123","4/17/2024 6:46:27 PM"
"148989898990","C123","4/17/2024 6:46:27 PM"
"148989898964","C123","4/17/2024 6:46:27 PM"
"148989898971","C123","4/17/2024 6:46:27 PM"
"148989898967","C123","4/17/2024 6:46:27 PM"
"148989898974","C123","4/17/2024 6:46:27 PM"
"148989898984","C123","4/17/2024 6:46:27 PM"
"148989898988","C123","4/17/2024 6:46:27 PM"
"148989898991","C123","4/17/2024 6:46:27 PM"
"148989898997","C123","4/17/2024 6:46:27 PM"
"148989898999","C123","4/17/2024 6:46:27 PM"
"148989898972","C123","4/17/2024 6:46:27 PM"
"148989898970","C123","4/17/2024 6:46:27 PM"
"148989898978","C123","4/17/2024 6:46:27 PM"
"148989898982","C123","4/17/2024 6:46:27 PM"
"148989898983","C123","4/17/2024 6:46:27 PM"
"148989898993","C123","4/17/2024 6:46:27 PM"
"148989898994","C123","4/17/2024 6:46:27 PM"
"148989898969","C123","4/17/2024 6:46:27 PM"
"148989898968","C123","4/17/2024 6:46:27 PM"
"148989898985","C123","4/17/2024 6:46:27 PM"
"148989898987","C123","4/17/2024 6:46:27 PM"
"148989898989","C123","4/17/2024 6:46:27 PM"
"148989898992","C123","4/17/2024 6:46:27 PM"
"148989898995","C123","4/17/2024 6:46:27 PM"
"148989898966","C123","4/17/2024 6:46:27 PM"
"148989898973","C123","4/17/2024 6:46:27 PM"
"148989898979","C123","4/17/2024 6:46:27 PM"
"148989898980","C123","4/17/2024 6:46:27 PM"
"148989898986","C123","4/17/2024 6:46:27 PM"
"148989898998","C123","4/17/2024 6:46:27 PM"
"148989898996","C123","4/17/2024 6:46:27 PM"
"148989898934","C123","4/17/2024 6:46:26 PM"
"148989898959","C123","4/17/2024 6:46:26 PM"
"148989898963","C123","4/17/2024 6:46:26 PM"
"148989898956","C123","4/17/2024 6:46:26 PM"
"148989898955","C123","4/17/2024 6:46:26 PM"
"148989898941","C123","4/17/2024 6:46:26 PM"
"148989898942","C123","4/17/2024 6:46:26 PM"
"148989898939","C123","4/17/2024 6:46:26 PM"
"148989898933","C123","4/17/2024 6:46:26 PM"
"148989898929","C123","4/17/2024 6:46:26 PM"
"148989898911","C123","4/17/2024 6:46:26 PM"
"148989898919","C123","4/17/2024 6:46:26 PM"
"148989898928","C123","4/17/2024 6:46:26 PM"
"148989898938","C123","4/17/2024 6:46:26 PM"
"148989898944","C123","4/17/2024 6:46:26 PM"
"148989898951","C123","4/17/2024 6:46:26 PM"
"148989898950","C123","4/17/2024 6:46:26 PM"
"148989898957","C123","4/17/2024 6:46:26 PM"
"148989898913","C123","4/17/2024 6:46:26 PM"
"148989898918","C123","4/17/2024 6:46:26 PM"
"148989898923","C123","4/17/2024 6:46:26 PM"
"148989898921","C123","4/17/2024 6:46:26 PM"
"148989898927","C123","4/17/2024 6:46:26 PM"
"148989898930","C123","4/17/2024 6:46:26 PM"
"148989898932","C123","4/17/2024 6:46:26 PM"
"148989898940","C123","4/17/2024 6:46:26 PM"
"148989898936","C123","4/17/2024 6:46:26 PM"
"148989898943","C123","4/17/2024 6:46:26 PM"
"148989898949","C123","4/17/2024 6:46:26 PM"
"148989898958","C123","4/17/2024 6:46:26 PM"
"148989898962","C123","4/17/2024 6:46:26 PM"
"148989898912","C123","4/17/2024 6:46:26 PM"
"148989898916","C123","4/17/2024 6:46:26 PM"
"148989898925","C123","4/17/2024 6:46:26 PM"
"148989898926","C123","4/17/2024 6:46:26 PM"
"148989898961","C123","4/17/2024 6:46:26 PM"
"148989898937","C123","4/17/2024 6:46:26 PM"
"148989898945","C123","4/17/2024 6:46:26 PM"
"148989898948","C123","4/17/2024 6:46:26 PM"
"148989898953","C123","4/17/2024 6:46:26 PM"
"148989898910","C123","4/17/2024 6:46:26 PM"
"148989898915","C123","4/17/2024 6:46:26 PM"
"148989898920","C123","4/17/2024 6:46:26 PM"
"148989898924","C123","4/17/2024 6:46:26 PM"
"148989898935","C123","4/17/2024 6:46:26 PM"
"148989898931","C123","4/17/2024 6:46:26 PM"
"148989898947","C123","4/17/2024 6:46:26 PM"
"148989898946","C123","4/17/2024 6:46:26 PM"
"148989898952","C123","4/17/2024 6:46:26 PM"
"148989898954","C123","4/17/2024 6:46:26 PM"
"148989898960","C123","4/17/2024 6:46:26 PM"
"148989898914","C123","4/17/2024 6:46:26 PM"
"148989898917","C123","4/17/2024 6:46:26 PM"
"148989898922","C123","4/17/2024 6:46:26 PM"
"14898989896","C123","4/17/2024 6:46:25 PM"
"14898989898","C123","4/17/2024 6:46:25 PM"
"14898989891","C123","4/17/2024 6:46:25 PM"
"14898989893","C123","4/17/2024 6:46:25 PM"
"14898989892","C123","4/17/2024 6:46:25 PM"
"14898989895","C123","4/17/2024 6:46:25 PM"
"14898989894","C123","4/17/2024 6:46:25 PM"
"14898989899","C123","4/17/2024 6:46:25 PM"
"14898989897","C123","4/17/2024 6:46:25 PM"
"14898989890","C123","4/17/2024 6:46:25 PM"
"777888999","DD33","4/17/2024 5:07:35 PM"
"1001","PLTCC","2024-04-17T17:03:41.8614366+00:00"
"75795","C123","04/19/2024 16:44:04"
"75794","C123","04/19/2024 16:44:04"
"75793","C123","04/19/2024 16:44:04"
"75796","C123","04/19/2024 16:44:04"
"75799","C123","04/19/2024 16:44:04"
"75798","C123","04/19/2024 16:44:04"
"75797","C123","04/19/2024 16:44:04"
"75758","C123","04/19/2024 16:44:03"
"75767","C123","04/19/2024 16:44:03"
"75773","C123","04/19/2024 16:44:03"
"75717","C123","04/19/2024 16:44:03"
"75728","C123","04/19/2024 16:44:03"
"75738","C123","04/19/2024 16:44:03"
"75752","C123","04/19/2024 16:44:03"
"75772","C123","04/19/2024 16:44:03"
"75788","C123","04/19/2024 16:44:03"
"75712","C123","04/19/2024 16:44:03"
"75716","C123","04/19/2024 16:44:03"
"75720","C123","04/19/2024 16:44:03"
"75733","C123","04/19/2024 16:44:03"
"75747","C123","04/19/2024 16:44:03"
"75745","C123","04/19/2024 16:44:03"
"75760","C123","04/19/2024 16:44:03"
"75763","C123","04/19/2024 16:44:03"
"75782","C123","04/19/2024 16:44:03"
"75784","C123","04/19/2024 16:44:03"
"75718","C123","04/19/2024 16:44:03"
"75724","C123","04/19/2024 16:44:03"
"75725","C123","04/19/2024 16:44:03"
"75734","C123","04/19/2024 16:44:03"
"75740","C123","04/19/2024 16:44:03"
"75749","C123","04/19/2024 16:44:03"
"75759","C123","04/19/2024 16:44:03"
"75765","C123","04/19/2024 16:44:03"
"75710","C123","04/19/2024 16:44:03"
"75722","C123","04/19/2024 16:44:03"
"75727","C123","04/19/2024 16:44:03"
"75730","C123","04/19/2024 16:44:03"
"75750","C123","04/19/2024 16:44:03"
"75754","C123","04/19/2024 16:44:03"
"75761","C123","04/19/2024 16:44:03"
"75770","C123","04/19/2024 16:44:03"
"75771","C123","04/19/2024 16:44:03"
"75779","C123","04/19/2024 16:44:03"
"75789","C123","04/19/2024 16:44:03"
"75711","C123","04/19/2024 16:44:03"
"75723","C123","04/19/2024 16:44:03"
"75737","C123","04/19/2024 16:44:03"
"75748","C123","04/19/2024 16:44:03"
"75768","C123","04/19/2024 16:44:03"
"75780","C123","04/19/2024 16:44:03"
"75785","C123","04/19/2024 16:44:03"
"75731","C123","04/19/2024 16:44:03"
"75744","C123","04/19/2024 16:44:03"
"75753","C123","04/19/2024 16:44:03"
"75766","C123","04/19/2024 16:44:03"
"75777","C123","04/19/2024 16:44:03"
"75791","C123","04/19/2024 16:44:03"
"75719","C123","04/19/2024 16:44:03"
"75726","C123","04/19/2024 16:44:03"
"75739","C123","04/19/2024 16:44:03"
"75751","C123","04/19/2024 16:44:03"
"75776","C123","04/19/2024 16:44:03"
"75792","C123","04/19/2024 16:44:03"
"75742","C123","04/19/2024 16:44:03"
"75757","C123","04/19/2024 16:44:03"
"75775","C123","04/19/2024 16:44:03"
"75787","C123","04/19/2024 16:44:03"
"75714","C123","04/19/2024 16:44:03"
"75729","C123","04/19/2024 16:44:03"
"75736","C123","04/19/2024 16:44:03"
"75743","C123","04/19/2024 16:44:03"
"75756","C123","04/19/2024 16:44:03"
"75764","C123","04/19/2024 16:44:03"
"75778","C123","04/19/2024 16:44:03"
"75715","C123","04/19/2024 16:44:03"
"75713","C123","04/19/2024 16:44:03"
"75721","C123","04/19/2024 16:44:03"
"75732","C123","04/19/2024 16:44:03"
"75741","C123","04/19/2024 16:44:03"
"75755","C123","04/19/2024 16:44:03"
"75762","C123","04/19/2024 16:44:03"
"75781","C123","04/19/2024 16:44:03"
"75786","C123","04/19/2024 16:44:03"
"75769","C123","04/19/2024 16:44:03"
"75774","C123","04/19/2024 16:44:03"
"75783","C123","04/19/2024 16:44:03"
"75790","C123","04/19/2024 16:44:03"
"75735","C123","04/19/2024 16:44:03"
"75746","C123","04/19/2024 16:44:03"
"7570","C123","04/19/2024 16:44:01"
"7572","C123","04/19/2024 16:44:01"
"7573","C123","04/19/2024 16:44:01"
"7574","C123","04/19/2024 16:44:01"
"7575","C123","04/19/2024 16:44:01"
"7576","C123","04/19/2024 16:44:01"
"7577","C123","04/19/2024 16:44:01"
"7578","C123","04/19/2024 16:44:01"
"7579","C123","04/19/2024 16:44:01"
"7571","C123","04/19/2024 16:44:01"
"90417","C123","04/19/2024 16:39:41"
"90422","C123","04/19/2024 16:39:41"
"90434","C123","04/19/2024 16:39:41"
"90455","C123","04/19/2024 16:39:41"
"90459","C123","04/19/2024 16:39:41"
"90470","C123","04/19/2024 16:39:41"
"90477","C123","04/19/2024 16:39:41"
"90484","C123","04/19/2024 16:39:41"
"90498","C123","04/19/2024 16:39:41"
"90414","C123","04/19/2024 16:39:41"
"90426","C123","04/19/2024 16:39:41"
"90436","C123","04/19/2024 16:39:41"
"90441","C123","04/19/2024 16:39:41"
"90452","C123","04/19/2024 16:39:41"
"90465","C123","04/19/2024 16:39:41"
"90474","C123","04/19/2024 16:39:41"
"90488","C123","04/19/2024 16:39:41"
"90490","C123","04/19/2024 16:39:41"
"90433","C123","04/19/2024 16:39:41"
"90444","C123","04/19/2024 16:39:41"
"90449","C123","04/19/2024 16:39:41"
"90466","C123","04/19/2024 16:39:41"
"90486","C123","04/19/2024 16:39:41"
"90489","C123","04/19/2024 16:39:41"
"90419","C123","04/19/2024 16:39:41"
"90425","C123","04/19/2024 16:39:41"
"90437","C123","04/19/2024 16:39:41"
"90442","C123","04/19/2024 16:39:41"
"90451","C123","04/19/2024 16:39:41"
"90462","C123","04/19/2024 16:39:41"
"90473","C123","04/19/2024 16:39:41"
"90481","C123","04/19/2024 16:39:41"
"90495","C123","04/19/2024 16:39:41"
"90415","C123","04/19/2024 16:39:41"
"90421","C123","04/19/2024 16:39:41"
"90443","C123","04/19/2024 16:39:41"
"90447","C123","04/19/2024 16:39:41"
"90454","C123","04/19/2024 16:39:41"
"90457","C123","04/19/2024 16:39:41"
"90476","C123","04/19/2024 16:39:41"
"90483","C123","04/19/2024 16:39:41"
"90499","C123","04/19/2024 16:39:41"
"90411","C123","04/19/2024 16:39:41"
"90432","C123","04/19/2024 16:39:41"
"90439","C123","04/19/2024 16:39:41"
"90453","C123","04/19/2024 16:39:41"
"90458","C123","04/19/2024 16:39:41"
"90472","C123","04/19/2024 16:39:41"
"90482","C123","04/19/2024 16:39:41"
"90496","C123","04/19/2024 16:39:41"
"90413","C123","04/19/2024 16:39:41"
"90427","C123","04/19/2024 16:39:41"
"90423","C123","04/19/2024 16:39:41"
"90435","C123","04/19/2024 16:39:41"
"90428","C123","04/19/2024 16:39:41"
"90438","C123","04/19/2024 16:39:41"
"90448","C123","04/19/2024 16:39:41"
"90456","C123","04/19/2024 16:39:41"
"90464","C123","04/19/2024 16:39:41"
"90467","C123","04/19/2024 16:39:41"
"90469","C123","04/19/2024 16:39:41"
"90475","C123","04/19/2024 16:39:41"
"90487","C123","04/19/2024 16:39:41"
"90493","C123","04/19/2024 16:39:41"
"90491","C123","04/19/2024 16:39:41"
"90416","C123","04/19/2024 16:39:41"
"90410","C123","04/19/2024 16:39:41"
"90430","C123","04/19/2024 16:39:41"
"90445","C123","04/19/2024 16:39:41"
"90463","C123","04/19/2024 16:39:41"
"90471","C123","04/19/2024 16:39:41"
"90480","C123","04/19/2024 16:39:41"
"90497","C123","04/19/2024 16:39:41"
"90418","C123","04/19/2024 16:39:41"
"90420","C123","04/19/2024 16:39:41"
"90429","C123","04/19/2024 16:39:41"
"90446","C123","04/19/2024 16:39:41"
"90460","C123","04/19/2024 16:39:41"
"90479","C123","04/19/2024 16:39:41"
"90485","C123","04/19/2024 16:39:41"
"90494","C123","04/19/2024 16:39:41"
"90412","C123","04/19/2024 16:39:41"
"90424","C123","04/19/2024 16:39:41"
"90431","C123","04/19/2024 16:39:41"
"90440","C123","04/19/2024 16:39:41"
"90450","C123","04/19/2024 16:39:41"
"90461","C123","04/19/2024 16:39:41"
"90468","C123","04/19/2024 16:39:41"
"90478","C123","04/19/2024 16:39:41"
"90492","C123","04/19/2024 16:39:41"
"9043","C123","04/19/2024 16:39:40"
"9044","C123","04/19/2024 16:39:40"
"9045","C123","04/19/2024 16:39:40"
"9046","C123","04/19/2024 16:39:40"
"9042","C123","04/19/2024 16:39:40"
"9048","C123","04/19/2024 16:39:40"
"9049","C123","04/19/2024 16:39:40"
"9040","C123","04/19/2024 16:39:40"
"9041","C123","04/19/2024 16:39:40"
"9047","C123","04/19/2024 16:39:40"
"24051","C123","04/19/2024 15:47:09"
"24050","C123","04/19/2024 15:47:09"
"24060","C123","04/19/2024 15:47:09"
"24058","C123","04/19/2024 15:47:09"
"24078","C123","04/19/2024 15:47:09"
"24076","C123","04/19/2024 15:47:09"
"24094","C123","04/19/2024 15:47:09"
"24092","C123","04/19/2024 15:47:09"
"24011","C123","04/19/2024 15:47:09"
"24027","C123","04/19/2024 15:47:09"
"24030","C123","04/19/2024 15:47:09"
"24038","C123","04/19/2024 15:47:09"
"24045","C123","04/19/2024 15:47:09"
"24053","C123","04/19/2024 15:47:09"
"24059","C123","04/19/2024 15:47:09"
"24057","C123","04/19/2024 15:47:09"
"24077","C123","04/19/2024 15:47:09"
"24075","C123","04/19/2024 15:47:09"
"24093","C123","04/19/2024 15:47:09"
"24091","C123","04/19/2024 15:47:09"
"24012","C123","04/19/2024 15:47:09"
"24041","C123","04/19/2024 15:47:09"
"24052","C123","04/19/2024 15:47:09"
"24071","C123","04/19/2024 15:47:09"
"24087","C123","04/19/2024 15:47:09"
"24010","C123","04/19/2024 15:47:09"
"24024","C123","04/19/2024 15:47:09"
"24034","C123","04/19/2024 15:47:09"
"24037","C123","04/19/2024 15:47:09"
"24048","C123","04/19/2024 15:47:09"
"24047","C123","04/19/2024 15:47:09"
"24061","C123","04/19/2024 15:47:09"
"24067","C123","04/19/2024 15:47:09"
"24079","C123","04/19/2024 15:47:09"
"24085","C123","04/19/2024 15:47:09"
"24097","C123","04/19/2024 15:47:09"
"24017","C123","04/19/2024 15:47:09"
"24020","C123","04/19/2024 15:47:09"
"24026","C123","04/19/2024 15:47:09"
"24054","C123","04/19/2024 15:47:09"
"24070","C123","04/19/2024 15:47:09"
"24086","C123","04/19/2024 15:47:09"
"24074","C123","04/19/2024 15:47:09"
"24080","C123","04/19/2024 15:47:09"
"24083","C123","04/19/2024 15:47:09"
"24096","C123","04/19/2024 15:47:09"
"24021","C123","04/19/2024 15:47:09"
"24035","C123","04/19/2024 15:47:09"
"24049","C123","04/19/2024 15:47:09"
"24073","C123","04/19/2024 15:47:09"
"24089","C123","04/19/2024 15:47:09"
"24099","C123","04/19/2024 15:47:09"
"24015","C123","04/19/2024 15:47:09"
"24019","C123","04/19/2024 15:47:09"
"24023","C123","04/19/2024 15:47:09"
"24042","C123","04/19/2024 15:47:09"
"24046","C123","04/19/2024 15:47:09"
"24055","C123","04/19/2024 15:47:09"
"24072","C123","04/19/2024 15:47:09"
"24068","C123","04/19/2024 15:47:09"
"24082","C123","04/19/2024 15:47:09"
"24088","C123","04/19/2024 15:47:09"
"24098","C123","04/19/2024 15:47:09"
"24028","C123","04/19/2024 15:47:09"
"24063","C123","04/19/2024 15:47:09"
"24081","C123","04/19/2024 15:47:09"
"24095","C123","04/19/2024 15:47:09"
"24032","C123","04/19/2024 15:47:09"
"24043","C123","04/19/2024 15:47:09"
"24056","C123","04/19/2024 15:47:09"
"24066","C123","04/19/2024 15:47:09"
"24084","C123","04/19/2024 15:47:09"
"24016","C123","04/19/2024 15:47:09"
"24022","C123","04/19/2024 15:47:09"
"24031","C123","04/19/2024 15:47:09"
"24040","C123","04/19/2024 15:47:09"
"24064","C123","04/19/2024 15:47:09"
"24069","C123","04/19/2024 15:47:09"
"24090","C123","04/19/2024 15:47:09"
"24018","C123","04/19/2024 15:47:09"
"24013","C123","04/19/2024 15:47:09"
"24025","C123","04/19/2024 15:47:09"
"24033","C123","04/19/2024 15:47:09"
"24039","C123","04/19/2024 15:47:09"
"24044","C123","04/19/2024 15:47:09"
"24065","C123","04/19/2024 15:47:09"
"24062","C123","04/19/2024 15:47:09"
"24014","C123","04/19/2024 15:47:09"
"24029","C123","04/19/2024 15:47:09"
"24036","C123","04/19/2024 15:47:09"
"2401","C123","04/19/2024 15:47:08"
"2400","C123","04/19/2024 15:47:08"
"2402","C123","04/19/2024 15:47:08"
"2403","C123","04/19/2024 15:47:08"
"2409","C123","04/19/2024 15:47:08"
"2405","C123","04/19/2024 15:47:08"
"2406","C123","04/19/2024 15:47:08"
"2407","C123","04/19/2024 15:47:08"
"2408","C123","04/19/2024 15:47:08"
"2404","C123","04/19/2024 15:47:08"